OBJECTID;ID_PCT;ID_MST;numero_campo;codigo_estandar;codigo_igm;tipo_subtipo;tipo_muestra;subtipo_muestra;coord_este_bogota;coord_norte_bogota;coord_este1_bta;coord_norte1_bta;latitud;longitud;altitud;origen_coord_original;coord_este_original;coord_norte_original;fecha;testigo;profundidad;profundidad_mayor;escala_muestreo;plancha;cuenca;subcuenca;tipo_celda;pais;departamento;municipio;localidad;ubicacion_geografica;proyecto;responsable;informe;ataque;malla;Preconcentracion;Preservación;Pulverizado;Secado;Tamizado;Triturado;tecnica_medicion;Ag_perc;Ag_ppb;Ag_ppm;Al_perc;Al_ppb;Al_ppm;As_perc;As_ppb;As_ppm;Au_perc;Au_ppb;Au_ppm;B_ppb;B_ppm;Ba_perc;Ba_ppb;Ba_ppm;Be_perc;Be_ppb;Be_ppm;Bi_perc;Bi_ppb;Bi_ppm;Br_perc;Br_ppb;Br_ppm;C_perc;Ca_perc;Ca_ppb;Ca_ppm;CaCO3_perc;Cd_perc;Cd_ppb;Cd_ppm;Ce_ppb;Ce_ppm;Cl_perc;Cl_ppm;Co_perc;Co_ppb;Co_ppm;Cr_perc;Cr_ppb;Cr_ppm;Cs_ppb;Cs_ppm;Cu_perc;Cu_ppb;Cu_ppm;Dy_ppb;Dy_ppm;Er_ppb;Er_ppm;Eu_ppb;Eu_ppm;Fe_perc;Fe_ppb;Fe_ppm;Ga_perc;Ga_ppb;Ga_ppm;Gd_ppb;Gd_ppm;Ge_ppb;Ge_ppm;Hf_ppb;Hf_ppm;Hg_ppb;Hg_ppm;Ho_ppb;Ho_ppm;I_ppb;I_ppm;In_ppb;In_ppm;Ir_ppb;Ir_ppm;K_perc;K_ppb;K_ppm;La_ppb;La_ppm;Li_perc;Li_ppb;Li_ppm;Lu_ppb;Lu_ppm;Mg_perc;Mg_ppb;Mg_ppm;MgCO3_perc;Mn_perc;Mn_ppb;Mn_ppm;Mo_perc;Mo_ppb;Mo_ppm;N_perc;Na_perc;Na_ppb;Na_ppm;Nb_ppb;Nb_ppm;Nd_ppb;Nd_ppm;Ni_perc;Ni_ppb;Ni_ppm;Os_ppb;Os_ppm;P_perc;P_ppm;Pb_perc;Pb_ppb;Pb_ppm;Pd_ppb;Pd_ppm;Pg_perc;Pr_ppb;Pr_ppm;Pt_ppb;Pt_ppm;R2O3_perc;Rb_perc;Rb_ppb;Rb_ppm;Re_ppb;Re_ppm;Ru_ppb;Ru_ppm;S_perc;S_ppm;Sb_perc;Sb_ppb;Sb_ppm;Sc_ppb;Sc_ppm;Se_ppb;Se_ppm;Si_perc;Si_ppb;Si_ppm;Sm_ppb;Sm_ppm;Sn_perc;Sn_ppb;Sn_ppm;Sr_perc;Sr_ppb;Sr_ppm;Ta_perc;Ta_ppb;Ta_ppm;Tb_ppb;Tb_ppm;Te_perc;Te_ppb;Te_ppm;Th_ppb;Th_ppm;Ti_perc;Ti_ppb;Ti_ppm;Tl_ppb;Tl_ppm;Tm_ppb;Tm_ppm;U_ppb;U_ppm;V_ppb;V_ppm;W_perc;W_ppb;W_ppm;Y_perc;Y_ppb;Y_ppm;Yb_ppb;Yb_ppm;Zn_perc;Zn_ppb;Zn_ppm;Zr_perc;Zr_ppb;Zr_ppm;Shape;k/Rb_ppm
116635;;;10-II-C-SL-05;;10-II-C-SL-05;;S: Sedimento;Sedimento de Lecho;1250134;1791983;1250134;1791983;;;;1-Bogotá;1250133,73;1791982,69;19-7-2007;;;;25000;;;;;;LA GUAJIRA;;;;PROYECTO ALTA GUAJIRA ;;;;;;;;;;;ICP-OES;;50,421;0,050421;3,15;;31500;;;2,56305;;0,204081633;0,000204082;;13,0;;;241,3;;;0,529;;;5,198529412;;;0,0;;0,14;;1400;;;48,3;0,0483;;20,6;;60,7;;;160,9957709;;;16,4;;0,686;;;5,39;;1,27;;0,695238095;;0,380952381;1,1;;11000;;;3,1;;1,387755102;;;;7,565328005;9,69;0,00969;;0,233142857;;;;0,01805;;;1,03;;10300;;10,95238095;;;7,69896;;0,12;0,13;;1300;;;;152,0;;;1,16;;0,38;;3800;;5,619047619;;9,611687812;;;4,803921569;;;;132,6843137;;;7,14;;;;;2,625;;;;;;27,9;;;;;;49,0;;;0,23047619;;2,3;;9,0;88,12;;881200,0;;1,774042951;;;1,422;;;32,1;;;2,4276;;0,23;;;0,0215992;;3,174603175;;;1685,890042;;0,18;;0,115340254;;0,765722;;20,85714286;;;849,2585;;;6,728181469;;0,711264898;;;18,7;;;264,3;;369,1756272401434
116574;;;2-IV-B-SL-15;;2-IV-B-SL-15;;S: Sedimento;Sedimento de Lecho;1264366;1854325;1264366;1854325;;;;1-Bogotá;1264366,16;1854324,95;28-5-2007;;;;25000;;;;;;LA GUAJIRA;;;;PROYECTO ALTA GUAJIRA ;;;;;;;;;;;ICP-OES;;54,07052;0,05407052;4,11;;41100;;;3,645285;;0,244897959;0,000244898;;16,0;;;297,8;;;0,743;;;6,238235294;;;0,0;;0,66;;6600;;;65,6;0,0656;;19,0;;75,7;;;94,4828912;;;74,2;;0,98;;;5,88;;1,44;;0,780952381;;0,419047619;1,44;;14400;;;3,9;;1,405895692;;;;3,75191271;9,18;0,00918;;0,272;;;;0,019;;;1,24;;12400;;9,904761905;;;9,05148;;0,13;0,48;;4800;;;;182,5714286;;;0,87;;0,72;;7200;;3,904761905;;9,131103422;;;12,25490196;;;;200,9;;;8,466;;;;;2,415;;;;;;34,3;;;;;;148,078;;;0,25352381;;2,7;;0,0;86,63;;866300,0;;1,680672269;;;0,917;;;60,1;;;0,8874;;0,26;;;0,0184338;;3,267973856;;;1333,42945;;0,24;;0,124951942;;0,7598054;;29,80952381;;;492,1225;;;7,593233372;;0,807381776;;;26,6;;;126,9;;361,5160349854228
116588;;;3-III-C-SL-11;;3-III-C-SL-11;;S: Sedimento;Sedimento de Lecho;1267545;1845253;1267545;1845253;;;;1-Bogotá;1267544,91;1845253,23;31-5-2007;;;;25000;;;;;;LA GUAJIRA;;;;PROYECTO ALTA GUAJIRA ;;;;;;;;;;;ICP-OES;;64,15472;0,06415472;5,07;;50700;;;3,847515;;0,244897959;0,000244898;;11,0;;;337,7;;;0,749;;;6,238235294;;;0,0;;0,64;;6400;;;96,8;0,0968;;24,4;;60,9;;;81,50711265;;;35,2;;0,98;;;9,898;;1,94;;1,066666667;;0,561904762;1,75;;17500;;;4,7;;1,922902494;;;;3,948995546;10,2;0,0102;;0,369142857;;;;0,0209;;;1,5;;15000;;12,57142857;;;9,3636;;0,17;0,64;;6400;;;;227,9047619;;;0,88;;0,96;;9600;;4,761904762;;11,72625913;;;10,49019608;;;;291,1176471;;;9,282;;;;;3,15;;;;;;35,7;;;;;;25,774;;;0,311142857;;3,6;;0,0;86,24;;862400,0;;2,147525677;;;0,753;;;63,0;;;2,0706;;0,35;;;0,0274645;;3,734827264;;;1662,341407;;0,28;;0,173010381;;0,8199806;;32,57142857;;;434,2495;;;10,38062284;;1,134179162;;;27,3;;;122,7;;420,16806722689074
116559;;;2-IV-B-SL-05;;2-IV-B-SL-05;;S: Sedimento;Sedimento de Lecho;1265333;1861212;1265333;1861212;;;;1-Bogotá;1265332,96;1861211,84;29-5-2007;;;;25000;;;;;;LA GUAJIRA;;;;PROYECTO ALTA GUAJIRA ;;;;;;;;;;;ICP-OES;;63,77056;0,06377056;4,61;;46100;;;3,444735;;0,346938776;0,000346939;;11,0;;;285,3;;;0,696;;;6,238235294;;;0,0;;0,33;;3300;;;82,1;0,0821;;20,0;;141,2;;;74,29834679;;;50,4;;1,176;;;6,076;;1,56;;0,857142857;;0,438095238;1,43;;14300;;;4,1;;1,532879819;;;;4,30272973;9,18;0,00918;;0,301142857;;;;0,01805;;;1,29;;12900;;10,66666667;;;10,19592;;0,15;0,3;;3000;;;;139,1428571;;;0,84;;0,69;;6900;;4,0;;9,419454056;;;10,29411765;;;;220,5960784;;;8,058;;;;;2,625;;;;;;36,6;;;;;;104,468;;;0,242;;3,0;;0,0;85,59;;855900,0;;1,774042951;;;0,938;;;55,2;;;0,8364;;0,28;;;0,0240198;;3,267973856;;;1322,856594;;0,28;;0,144175317;;0,8142154;;29,33333333;;;397,0815;;;8,458285275;;0,903498654;;;26,6;;;144,0;;352,4590163934426
116564;;;2-IV-B-SL-09;;2-IV-B-SL-09;;S: Sedimento;Sedimento de Lecho;1262587;1856780;1262587;1856780;;;;1-Bogotá;1262587,18;1856780,21;28-5-2007;;;;25000;;;;;;LA GUAJIRA;;;;PROYECTO ALTA GUAJIRA ;;;;;;;;;;;ICP-OES;;65,97948;0,06597948;4,31;;43100;;;3,645285;;0,234693878;0,000234694;;15,0;;;276,4;;;0,678;;;7,277941176;;;1,0;;0,48;;4800;;;78,5;0,0785;;25,9;;80,2;;;68,43521722;;;114,5;;1,078;;;6,762;;1,76;;0,933333333;;0,495238095;1,67;;16700;;;4,1;;1,786848073;;;;6,907708317;8,67;0,00867;;0,34;;;;0,0228;;;1,07;;10700;;13,52380952;;;9,25956;;0,16;0,33;;3300;;;;242,2857143;;;0,98;;0,7;;7000;;3,904761905;;11,82237601;;;13,43137255;;;;208,4901961;;;8,262;;;;;3,255;;;;;;31,2;;;;;;201,782;;;0,288095238;;3,2;;0,0;85,52;;855200,0;;2,054154995;;;0,87;;;64,2;;;0,3468;;0,33;;;0,0364952;;3,267973856;;;1842,272203;;0,24;;0,153787005;;0,8913764;;40,47619048;;;367,1855;;;9,2272203;;1,00922722;;;30,2;;;230,3;;342,94871794871796
116547;;;2-IV-D-SL-10;;2-IV-D-SL-10;;S: Sedimento;Sedimento de Lecho;1265865;1848935;1265865;1848935;;;;1-Bogotá;1265864,53;1848934,87;29-5-2007;;;;25000;;;;;;LA GUAJIRA;;;;PROYECTO ALTA GUAJIRA ;;;;;;;;;;;ICP-OES;;78,08052;0,07808052;6,33;;63300;;;3,048675;;0,357142857;0,000357143;;11,0;;;377,4;;;0,81;;;6,238235294;;;0,0;;0,4;;4000;;;98,8;0,0988;;17,9;;71,5;;;48,25067282;;;29,8;;1,274;;;7,252;;1,46;;0,780952381;;0,447619048;1,44;;14400;;;5,2;;1,514739229;;;;2,59303051;11,22;0,01122;;0,291428571;;;;0,0209;;;1,93;;19300;;9,904761905;;;10,29996;;0,12;0,43;;4300;;;;174,2857143;;;0,6;;1,07;;10700;;3,238095238;;9,034986544;;;8,235294118;;;;294,9607843;;;8,976;;;;;2,415;;;;;;47,7;;;;;;47,236;;;0,276571429;;3,0;;0,0;85,32;;853200,0;;1,680672269;;;0,766;;;65,0;;;1,2648;;0,26;;;0,02793;;3,267973856;;;1089,965398;;0,35;;0,134563629;;0,7019768;;27,33333333;;;264,9735;;;7,977700884;;0,845828527;;;25,3;;;82,2;;404,6121593291404
116566;;;2-IV-B-SL-10B;;2-IV-B-SL-10B;;S: Sedimento;Sedimento de Lecho;1265512;1857278;1265512;1857278;;;;1-Bogotá;1265512,18;1857278,36;28-5-2007;;;;25000;;;;;;LA GUAJIRA;;;;PROYECTO ALTA GUAJIRA ;;;;;;;;;;;ICP-OES;;61,84976;0,06184976;5,49;;54900;;;4,36044;;0,244897959;0,000244898;;20,0;;;330,2;;;0,882;;;9,357352941;;;1,0;;0,76;;7600;;;98,2;0,0982;;31,7;;132,6;;;68,81968474;;;41,4;;1,568;;;7,546;;2,24;;1,228571429;;0,561904762;2,15;;21500;;;5,0;;2,303854875;;;;9,693233828;9,18;0,00918;;0,417714286;;;;0,02755;;;1,32;;13200;;16,0952381;;;12,79692;;0,2;0,43;;4300;;;;304,4761905;;;0,92;;0,7;;7000;;7,238095238;;14,5136486;;;12,15686275;;;;283,0470588;;;10,608;;;;;3,99;;;;;;38,5;;;;;;463,736;;;0,265047619;;4,1;;0,0;84,93;;849300,0;;2,707749767;;;1,095;;;82,3;;;1,8462;;0,4;;;0,0241129;;5,78898226;;;2139,657824;;0,28;;0,211457132;;1,23032;;38,0;;;370,8215;;;11,91849289;;1,336024606;;;38,4;;;335,7;;342,85714285714283
116609;;;10-II-A-SL-2B;;10-II-A-SL-2B;;S: Sedimento;Sedimento de Lecho;1240239;1799970;1240239;1799970;;;;1-Bogotá;1240239,23;1799969,62;39301;;;;25000;;;;;;LA GUAJIRA;;;;PROYECTO ALTA GUAJIRA ;;;;;;;;;;;ICP-OES;;59,35272;0,05935272;5,14;;51400;;;2,56305;;0,244897959;0,000244898;;28,0;;;431,6;;;0,787;;;7,277941176;;;0,0;;0,93;;9300;;;145,8;0,1458;;62,2;;85,1;;;98,03921569;;;52,9;;0,98;;;10,584;;2,44;;1,352380952;;0,704761905;2,63;;26300;;;5,7;;3,310657596;;;;27,58589317;9,69;0,00969;;0,456571429;;;;0,02945;;;2,02;;20200;;33,71428571;;;10,09188;;0,23;0,34;;3400;;;;463,2380952;;;1,14;;0,77;;7700;;16,66666667;;27,10495963;;;6,764705882;;;;198,7862745;;;11,628;;;;;7,665;;;;;;45,3;;;;;;20,0;;;0,242;;4,3;;0,0;84,59;;845900,0;;4,014939309;;;1,352;;;68,5;;;3,3456;;0,52;;;0,0346332;;7,096171802;;;5429,161861;;0,32;;0,211457132;;1,4928506;;55,14285714;;;542,3195;;;12,59131103;;1,412918108;;;39,4;;;938,8;;445,916114790287
116565;;;2-IV-B-SL-10A;;2-IV-B-SL-10A;;S: Sedimento;Sedimento de Lecho;1265668;1857507;1265668;1857507;;;;1-Bogotá;1265667,75;1857507,3;28-5-2007;;;;25000;;;;;;LA GUAJIRA;;;;PROYECTO ALTA GUAJIRA ;;;;;;;;;;;ICP-OES;;62,52204;0,06252204;4,32;;43200;;;4,77834;;0,316326531;0,000316327;;21,0;;;306,1;;;0,836;;;0,103970588;;;0,0;;1,08;;10800;;;105,1;0,1051;;32,6;;105,6;;;89,77316417;;;62,0;;1,274;;;7,644;;2,17;;1,180952381;;0,571428571;2,22;;22200;;;4,6;;2,321995465;;;;9,524052417;10,2;0,0102;;0,417714286;;;;0,0247;;;1,14;;11400;;17,23809524;;;11,54844;;0,2;0,33;;3300;;;;338,952381;;;0,99;;0,57;;5700;;8,095238095;;15,57093426;;;12,35294118;;;;237,9862745;;;10,302;;;;;4,095;;;;;;34,2;;;;;;334,964;;;0,265047619;;4,2;;0,0;84,25;;842500,0;;2,707749767;;;1,036;;;77,5;;;0,87;;0,41;;;0,0309092;;4,948646125;;;2687,235679;;0,25;;0,192233756;;1,1663668;;46,28571429;;;455,0555;;;11,4379085;;1,220684352;;;39,0;;;318,5;;333,3333333333333
116560;;;2-IV-B-SL-7-A;;2-IV-B-SL-7-A;;S: Sedimento;Sedimento de Lecho;1256723;1857770;1256723;1857770;;;;1-Bogotá;1256723,18;1857770,45;28-5-2007;;;;25000;;;;;;LA GUAJIRA;;;;PROYECTO ALTA GUAJIRA ;;;;;;;;;;;ICP-OES;;52,3418;0,0523418;4,7;;47000;;;5,525835;;0,244897959;0,000244898;;16,0;;;369,6;;;0,661;;;0,103970588;;;0,0;;0,76;;7600;;;83,4;0,0834;;34,0;;95,2;;;78,52748943;;;144,6;;0,98;;;6,958;;2,12;;1,142857143;;0,552380952;2,4;;24000;;;4,6;;2,349206349;;;;5,877230553;9,18;0,00918;;0,408;;;;0,0247;;;1,17;;11700;;17,14285714;;;9,77976;;0,19;0,36;;3600;;;;284,0952381;;;1,01;;0,72;;7200;;5,619047619;;15,47481738;;;17,35294118;;;;285,8333333;;;9,486;;;;;4,2;;;;;;27,5;;;;;;1130,136;;;0,288095238;;3,9;;0,0;84,2;;842000,0;;2,801120448;;;1,122;;;81,2;;;2,0298;;0,4;;;0,021413;;4,948646125;;;2024,990388;;0,21;;0,182622068;;1,0067828;;40,19047619;;;406,6765;;;11,05344098;;1,134179162;;;40,1;;;191,1;;425,45454545454544
116638;;;10-II-C-SL-07A;;10-II-C-SL-07A;;S: Sedimento;Sedimento de Lecho;1241101;1786663;1241101;1786663;;;;1-Bogotá;1241100,82;1786662,75;19-7-2007;;;;25000;;;;;;LA GUAJIRA;;;;PROYECTO ALTA GUAJIRA ;;;;;;;;;;;ICP-OES;;66,2676;0,0662676;6,27;;62700;;;2,659335;;0,204081633;0,000204082;;28,0;;;476,6;;;0,862;;;7,277941176;;;1,0;;0,36;;3600;;;64,6;0,0646;;29,3;;120,6;;;102,7489427;;;20,4;;1,176;;;6,37;;1,79;;1,066666667;;0,495238095;1,41;;14100;;;5,8;;1,89569161;;;;9,15951582;10,2;0,0102;;0,330285714;;;;0,02375;;;1,94;;19400;;16,0952381;;;9,77976;;0,19;0,29;;2900;;;;224,6666667;;;0,94;;0,96;;9600;;7,142857143;;12,97577855;;;5,294117647;;;;148,1529412;;;10,812;;;;;3,675;;;;;;50,1;;;;;;13,328;;;0,288095238;;3,3;;9,0;84,17;;841700,0;;2,240896359;;;1,188;;;56,2;;;2,4888;;0,32;;;0,0311885;;4,295051354;;;1792,195309;;0,31;;0,182622068;;0,8750072;;25,42857143;;;556,5605;;;9,996155325;;1,163014225;;;27,3;;;309,8;;387,2255489021956
116555;;;2-IV-D-SL-20-B;;2-IV-D-SL-20-B;;S: Sedimento;Sedimento de Lecho;1264953;1841383;1264953;1841383;;;;1-Bogotá;1264953,45;1841383,08;30-5-2007;;;;25000;;;;;;LA GUAJIRA;;;;PROYECTO ALTA GUAJIRA ;;;;;;;;;;;ICP-OES;;71,0696;0,0710696;4,96;;49600;;;5,41779;;0,224489796;0,00022449;;12,0;;;341,6;;;0,879;;;6,238235294;;;0,0;;0,39;;3900;;;146,2;0,1462;;23,6;;51,6;;;87,65859285;;;27,9;;1,078;;;12,838;;1,64;;0,895238095;;0,542857143;1,83;;18300;;;4,8;;1,759637188;;;;4,179085213;10,2;0,0102;;0,320571429;;;;0,02185;;;1,41;;14100;;12,38095238;;;9,98784;;0,14;0,33;;3300;;;;265,8095238;;;1,03;;0,81;;8100;;5,047619048;;11,14955786;;;9,31372549;;;;294,672549;;;9,384;;;;;2,94;;;;;;37,4;;;;;;50,078;;;0,357238095;;3,7;;0,0;84,16;;841600,0;;2,054154995;;;0,761;;;60,7;;;1,6014;;0,31;;;0,04655;;3,641456583;;;1645,32872;;0,29;;0,153787005;;0,7870848;;30,57142857;;;454,6515;;;8,842752787;;0,913110342;;;32,2;;;136,3;;377,0053475935829
116634;;;10-II-C-SL-03;;10-II-C-SL-03;;S: Sedimento;Sedimento de Lecho;1246297;1791010;1246297;1791010;;;;1-Bogotá;1246297,25;1791010,08;19-7-2007;;;;25000;;;;;;LA GUAJIRA;;;;PROYECTO ALTA GUAJIRA ;;;;;;;;;;;ICP-OES;;63,67452;0,06367452;5,65;;56500;;;3,34509;;0,244897959;0,000244898;;19,0;;;373,2;;;0,73;;;7,277941176;;;0,0;;0,39;;3900;;;107,7;0,1077;;24,8;;61,6;;;98,71203383;;;21,4;;0,882;;;7,448;;1,82;;1,0;;0,571428571;1,83;;18300;;;5,2;;1,804988662;;;;5,607118183;12,24;0,01224;;0,34;;;;0,01995;;;1,61;;16100;;12,95238095;;;9,05148;;0,18;0,41;;4100;;;;266,3809524;;;0,98;;1,13;;11300;;6,571428571;;11,34179162;;;6,274509804;;;;186,6803922;;;13,158;;;;;3,15;;;;;;40,3;;;;;;49,0;;;0,334190476;;3,4;;9,0;84,06;;840600,0;;2,054154995;;;0,755;;;73,5;;;2,4378;;0,32;;;0,0310954;;3,828197946;;;1917,820069;;0,27;;0,173010381;;0,844085;;31,61904762;;;547,9755;;;9,707804691;;1,086120723;;;32,7;;;182,0;;399,50372208436727
116587;;;3-III-C-SL-6-C;;3-III-C-SL-6-C;;S: Sedimento;Sedimento de Lecho;1267308;1846604;1267308;1846604;;;;1-Bogotá;1267307,72;1846603,82;29-5-2007;;;;25000;;;;;;LA GUAJIRA;;;;PROYECTO ALTA GUAJIRA ;;;;;;;;;;;ICP-OES;;76,44784;0,07644784;5,83;;58300;;;3,14706;;0,214285714;0,000214286;;12,0;;;347,7;;;0,825;;;7,277941176;;;0,0;;1,0;;10000;;;132,1;0,1321;;23,0;;73,9;;;112,8412149;;;124,7;;1,372;;;23,716;;2,06;;1,142857143;;0,580952381;2,65;;26500;;;6,3;;1,89569161;;;;4,6554655;10,2;0,0102;;0,398285714;;;;0,02755;;;1,41;;14100;;11,52380952;;;11,02824;;0,18;1,98;;19800;;;;556,4761905;;;0,99;;1,05;;10500;;5,142857143;;11,05344098;;;54,11764706;;;;319,172549;;;11,322;;;;;2,94;;;;;;42,0;;;;;;20,0;;;0,276571429;;6,2;;0,0;83,78;;837800,0;;2,147525677;;;1,141;;;80,2;;;2,5602;;0,36;;;0,0406847;;4,295051354;;;2035,178777;;0,31;;0,192233756;;0,8866528;;52,76190476;;;561,4085;;;11,4379085;;1,191849289;;;39,7;;;146,0;;335,7142857142857
116631;;;10-II-A-SL-15B;;10-II-A-SL-15B;;S: Sedimento;Sedimento de Lecho;1251655;1792616;1251655;1792616;;;;1-Bogotá;1251655,13;1792616,39;18-7-2007;;;;25000;;;;;;LA GUAJIRA;;;;PROYECTO ALTA GUAJIRA ;;;;;;;;;;;ICP-OES;;52,53388;0,05253388;4,44;;44400;;;3,14706;;0,265306122;0,000265306;;123,0;;;342,6;;;0,697;;;0,155955882;;;0,0;;0,43;;4300;;;64,9;0,0649;;22,7;;63,7;;;81,12264514;;;22,4;;0,686;;;7,546;;1,58;;0,885714286;;0,533333333;1,73;;17300;;;4,7;;1,587301587;;;;7,418359753;9,69;0,00969;;0,301142857;;;;0,02755;;;1,77;;17700;;12,28571429;;;7,69896;;0,16;0,25;;2500;;;;190,6666667;;;0,84;;0,69;;6900;;7,714285714;;10,47673972;;;6,078431373;;;;152,1882353;;;10,812;;;;;2,835;;;;;;42,2;;;;;;49,0;;;0,334190476;;3,1;;0,0;83,45;;834500,0;;1,774042951;;;1,132;;;63,7;;;1,8666;;0,29;;;0,0282093;;3,361344538;;;2621,107266;;0,3;;0,153787005;;0,814065;;33,52380952;;;455,3585;;;8,266051519;;0,970780469;;;28,9;;;231,7;;419,43127962085305
116632;;;10-II-B-SL-14B;;10-II-B-SL-14B;;S: Sedimento;Sedimento de Lecho;1263296;1793963;1263296;1793963;;;;1-Bogotá;1263296,27;1793962,7;16-7-2007;;;;25000;;;;;;LA GUAJIRA;;;;PROYECTO ALTA GUAJIRA ;;;;;;;;;;;ICP-OES;;66,45968;0,06645968;4,95;;49500;;;2,853165;;0,204081633;0,000204082;;22,0;;;427,6;;;0,831;;;6,238235294;;;0,0;;1,06;;10600;;;96,5;0,0965;;32,6;;86,0;;;125,1441753;;;30,2;;1,078;;;9,31;;2,11;;1,142857143;;0,542857143;2,06;;20600;;;5,4;;2,095238095;;;;12,23799726;9,18;0,00918;;0,388571429;;;;0,02185;;;2,0;;20000;;18,47619048;;;9,8838;;0,2;0,3;;3000;;;;287,9047619;;;1,16;;0,84;;8400;;9,142857143;;14,70588235;;;6,960784314;;;;194,8470588;;;9,996;;;;;3,99;;;;;;49,0;;;;;;49,0;;;0,25352381;;3,7;;9,0;83,32;;833200,0;;2,427637722;;;0,806;;;75,4;;;1,3868;;0,37;;;0,0188993;;4,388422035;;;2702,518262;;0,31;;0,192233756;;1,078416;;37,9047619;;;683,0125;;;11,05344098;;1,278354479;;;29,8;;;413,1;;408,16326530612247
116617;;;10-II-A-SL-5B;;10-II-A-SL-5B;;S: Sedimento;Sedimento de Lecho;1249811;1799705;1249811;1799705;;;;1-Bogotá;1249810,93;1799705,07;18-7-2007;;;;25000;;;;;;LA GUAJIRA;;;;PROYECTO ALTA GUAJIRA ;;;;;;;;;;;ICP-OES;;58,87252;0,05887252;5,07;;50700;;;2,276715;;0,316326531;0,000316327;;37,0;;;740,8;;;0,544;;;6,238235294;;;0,0;;0,56;;5600;;;33,4;0,0334;;24,1;;80,2;;;73,91387928;;;21,1;;0,98;;;8,232;;1,64;;0,933333333;;0,561904762;1,51;;15100;;;4,6;;1,68707483;;;;5,766134298;9,69;0,00969;;0,310857143;;;;0,01995;;;2,09;;20900;;13,42857143;;;10,19592;;0,15;0,31;;3100;;;;141,5238095;;;0,7;;0,77;;7700;;5,904761905;;11,4379085;;;5,098039216;;;;150,3627451;;;8,568;;;;;3,045;;;;;;44,4;;;;;;83,104;;;0,311142857;;2,8;;9,0;83,03;;830300,0;;1,960784314;;;0,9;;;61,1;;;1,632;;0,29;;;0,0345401;;3,454715219;;;2150,519031;;0,28;;0,153787005;;0,770968;;37,52380952;;;423,9475;;;8,746635909;;0,903498654;;;19,2;;;204,6;;470,72072072072075
116585;;;3-III-C-SL-6-A;;3-III-C-SL-6-A;;S: Sedimento;Sedimento de Lecho;1267034;1849027;1267034;1849027;;;;1-Bogotá;1267033,55;1849026,95;29-5-2007;;;;25000;;;;;;LA GUAJIRA;;;;PROYECTO ALTA GUAJIRA ;;;;;;;;;;;ICP-OES;;68,28444;0,06828444;4,12;;41200;;;3,94926;;0,224489796;0,00022449;;12,0;;;297,0;;;0,764;;;6,238235294;;;0,0;;0,4;;4000;;;125,0;0,125;;19,5;;55,4;;;118,9926951;;;60,1;;0,882;;;10,094;;1,5;;0,828571429;;0,419047619;1,89;;18900;;;4,5;;1,551020408;;;;5,500920439;10,2;0,0102;;0,281714286;;;;0,01995;;;1,27;;12700;;10,28571429;;;9,3636;;0,13;0,59;;5900;;;;264,952381;;;1,16;;0,79;;7900;;6,0;;9,515570934;;;26,2745098;;;;255,8568627;;;8,058;;;;;2,52;;;;;;37,4;;;;;;20,0;;;0,357238095;;3,6;;0,0;82,94;;829400,0;;1,774042951;;;0,978;;;63,6;;;2,2032;;0,27;;;0,0244853;;3,921568627;;;1775,951557;;0,27;;0,134563629;;0,80216;;32,95238095;;;601,6065;;;8,073817762;;0,845828527;;;30,5;;;184,1;;339,572192513369
116543;;;2-IV-D-SL-05B;;2-IV-D-SL-05B;;S: Sedimento;Sedimento de Lecho;1264487;1849677;1264487;1849677;;;;1-Bogotá;1264487,06;1849677,21;29-5-2007;;;;25000;;;;;;LA GUAJIRA;;;;PROYECTO ALTA GUAJIRA ;;;;;;;;;;;ICP-OES;;72,31812;0,07231812;4,81;;48100;;;3,245865;;0,244897959;0,000244898;;12,0;;;328,4;;;0,788;;;6,238235294;;;0,0;;0,5;;5000;;;101,9;0,1019;;25,1;;51,6;;;82,85274894;;;245,2;;1,078;;;10,682;;1,68;;0,942857143;;0,552380952;1,9;;19000;;;4,6;;1,850340136;;;;4,653204841;9,18;0,00918;;0,330285714;;;;0,019;;;1,41;;14100;;12,66666667;;;8,94744;;0,15;1,05;;10500;;;;284,952381;;;0,77;;0,89;;8900;;4,19047619;;12,20684352;;;48,23529412;;;;248,1705882;;;7,752;;;;;3,255;;;;;;37,0;;;;;;49,0;;;0,334190476;;3,4;;0,0;82,61;;826100,0;;2,147525677;;;1,211;;;60,5;;;0,9282;;0,33;;;0,0213199;;3,641456583;;;1706,555171;;0,27;;0,153787005;;0,7789836;;34,28571429;;;419,5035;;;9,419454056;;0,980392157;;;30,3;;;160,3;;381,0810810810811
116551;;;2-IV-D-SL-15A;;2-IV-D-SL-15A;;S: Sedimento;Sedimento de Lecho;1265105;1845609;1265105;1845609;;;;1-Bogotá;1265104,78;1845609,49;30-5-2007;;;;25000;;;;;;LA GUAJIRA;;;;PROYECTO ALTA GUAJIRA ;;;;;;;;;;;ICP-OES;;75,29536;0,07529536;5,69;;56900;;;3,444735;;0,653061224;0,000653061;;19,0;;;330,7;;;0,798;;;7,277941176;;;0,0;;0,38;;3800;;;88,4;0,0884;;29,0;;57,4;;;83,62168397;;;41,3;;1,47;;;9,114;;1,96;;1,076190476;;0,523809524;1,8;;18000;;;5,3;;1,986394558;;;;6,14506647;10,2;0,0102;;0,378857143;;;;0,02565;;;1,61;;16100;;15,33333333;;;10,50804;;0,17;0,41;;4100;;;;260,0952381;;;0,91;;0,89;;8900;;6,666666667;;13,07189542;;;9,411764706;;;;277,4745098;;;9,486;;;;;3,675;;;;;;39,0;;;;;;24,794;;;0,334190476;;4,0;;0,0;82,57;;825700,0;;2,427637722;;;1,643;;;54,2;;;2,0502;;0,35;;;0,0246715;;4,108309991;;;2191,464821;;0,32;;0,182622068;;0,9566912;;36,85714286;;;432,6335;;;10,76509035;;1,172625913;;;34,5;;;199,7;;412,8205128205128
116542;;;2-IV-D-SL-05A;;2-IV-D-SL-05A;;S: Sedimento;Sedimento de Lecho;1264642;1850351;1264642;1850351;;;;1-Bogotá;1264641,7;1850350,52;29-5-2007;;;;25000;;;;;;LA GUAJIRA;;;;PROYECTO ALTA GUAJIRA ;;;;;;;;;;;ICP-OES;;84,035;0,084035;5,3;;53000;;;3,645285;;0,265306122;0,000265306;;14,0;;;343,8;;;0,819;;;7,277941176;;;1,0;;0,59;;5900;;;114,9;0,1149;;27,0;;59,7;;;83,52556709;;;164,2;;1,176;;;12,054;;1,97;;1,104761905;;0,571428571;2,0;;20000;;;5,3;;2,095238095;;;;6,88291625;9,18;0,00918;;0,378857143;;;;0,02375;;;1,46;;14600;;13,52380952;;;10,19592;;0,18;1,1;;11000;;;;302,7619048;;;0,91;;0,98;;9800;;5,714285714;;13,55247982;;;50,0;;;;276,3215686;;;8,772;;;;;3,57;;;;;;41,1;;;;;;49,0;;;0,357238095;;4,2;;0,0;81,83;;818300,0;;2,614379085;;;1,138;;;68,7;;;1,836;;0,37;;;0,03724;;4,108309991;;;1918,877355;;0,29;;0,173010381;;1,086086;;35,42857143;;;431,8255;;;10,76509035;;1,14379085;;;34,4;;;217,9;;355,23114355231144
116582;;;2-IV-D-SL-04;;2-IV-D-SL-04;;S: Sedimento;Sedimento de Lecho;1261076;1850072;1261076;1850072;;;;1-Bogotá;1261075,72;1850071,6;29-5-2007;;;;25000;;;;;;LA GUAJIRA;;;;PROYECTO ALTA GUAJIRA ;;;;;;;;;;;ICP-OES;;61,27352;0,06127352;6,05;;60500;;;3,5448;;0,336734694;0,000336735;;8,0;;;413,7;;;0,767;;;9,357352941;;;1,0;;1,02;;10200;;;125,1;0,1251;;21,9;;75,9;;;73,91387928;;;131,9;;0,98;;;11,27;;1,76;;0,980952381;;0,523809524;2,2;;22000;;;5,9;;1,741496599;;;;4,94638043;8,67;0,00867;;0,330285714;;;;0,02185;;;1,46;;14600;;11,80952381;;;9,05148;;0,16;1,17;;11700;;;;332,0;;;0,86;;1,25;;12500;;4,380952381;;10,66897347;;;40,88235294;;;;298,227451;;;7,854;;;;;2,835;;;;;;37,8;;;;;;39,298;;;0,288095238;;4,0;;0,0;81,33;;813300,0;;1,867413632;;;1,092;;;104,5;;;1,6422;;0,31;;;0,0221578;;3,734827264;;;1756,632065;;0,28;;0,163398693;;0,7879402;;48,0;;;401,7275;;;9,803921569;;1,047673972;;;36,1;;;159,1;;386,2433862433863
116637;;;10-II-C-SL-06B;;10-II-C-SL-06B;;S: Sedimento;Sedimento de Lecho;1239837;1787232;1239837;1787232;;;;1-Bogotá;1239836,92;1787231,72;20-7-2007;;;;25000;;;;;;LA GUAJIRA;;;;PROYECTO ALTA GUAJIRA ;;;;;;;;;;;ICP-OES;;61,36956;0,06136956;7,82;;78200;;;2,56305;;0,234693878;0,000234694;;27,0;;;659,4;;;0,826;;;9,357352941;;;2,0;;0,35;;3500;;;102,8;0,1028;;31,3;;86,1;;;79,00807382;;;25,7;;1,568;;;7,252;;1,99;;1,2;;0,495238095;1,83;;18300;;;7,1;;1,995464853;;;;10,4199531;13,77;0,01377;;0,398285714;;;;0,02565;;;2,43;;24300;;15,71428571;;;12,90096;;0,22;0,32;;3200;;;;280,5714286;;;0,87;;1,15;;11500;;7,619047619;;13,26412918;;;7,352941176;;;;215,1196078;;;11,73;;;;;3,675;;;;;;57,1;;;;;;99,274;;;0,242;;3,8;;0,0;80,74;;807400,0;;2,33426704;;;1,665;;;65,7;;;2,2338;;0,36;;;0,0468293;;4,575163399;;;2028,835063;;0,38;;0,211457132;;0,98672;;30,95238095;;;435,6635;;;11,34179162;;1,364859669;;;37,2;;;329,7;;425,56917688266196
116548;;;2-IV-D-SL-12A;;2-IV-D-SL-12A;;S: Sedimento;Sedimento de Lecho;1256002;1839865;1256002;1839865;;;;1-Bogotá;1256001,66;1839864,87;16-5-2007;;;;25000;;;;;;LA GUAJIRA;;;;PROYECTO ALTA GUAJIRA ;;;;;;;;;;;ICP-OES;;62,71412;0,06271412;8,2;;82000;;;2,853165;;0,510204082;0,000510204;;14,0;;;541,0;;;1,024;;;0,114367647;;;0,0;;1,24;;12400;;;110,8;0,1108;;30,1;;55,6;;;64,78277586;;;90,3;;1,176;;;12,838;;2,03;;1,085714286;;0,628571429;2,16;;21600;;;8,3;;2,185941043;;;;5,806846191;9,18;0,00918;;0,378857143;;;;0,0228;;;1,72;;17200;;15,71428571;;;9,57168;;0,18;0,97;;9700;;;;328,7619048;;;3,95;;1,67;;16700;;6,761904762;;14,22529796;;;34,90196078;;;;306,9705882;;;9,078;;;;;3,78;;;;;;40,8;;;;;;64,876;;;0,276571429;;5,2;;0,0;80,16;;801600,0;;2,521008403;;;1,11;;;162,6;;;2,091;;0,37;;;0,0340746;;5,508870215;;;1935,890042;;0,3;;0,173010381;;0,960062;;46,38095238;;;337,2895;;;10,57285659;;1,134179162;;;33,9;;;173,2;;421,56862745098044
116604;;;10-I-B-SL-14B;;10-I-B-SL-14B;;S: Sedimento;Sedimento de Lecho;1232200;1792510;1232200;1792510;;;;1-Bogotá;1232199,83;1792509,82;;;;;25000;;;;;;LA GUAJIRA;;;;PROYECTO ALTA GUAJIRA ;;;;;;;;;;;ICP-OES;;70,68544;0,07068544;4,97;;49700;;;3,444735;;0,244897959;0,000244898;;24,0;;;491,5;;;0,692;;;6,238235294;;;0,0;;0,4;;4000;;;163,7;0,1637;;33,2;;90,0;;;87,17800846;;;23,8;;1,078;;;8,428;;1,82;;1,00952381;;0,561904762;1,67;;16700;;;5,3;;2,068027211;;;;8,60428338;9,69;0,00969;;0,349714286;;;;0,02375;;;1,89;;18900;;18,66666667;;;10,29996;;0,18;0,31;;3100;;;;251,9047619;;;1,17;;0,73;;7300;;8,285714286;;15,18646674;;;6,568627451;;;;176,4;;;9,588;;;;;4,2;;;;;;43,1;;;;;;58,996;;;0,426380952;;3,4;;0,0;79,53;;795300,0;;2,521008403;;;0,976;;;55,9;;;2,3052;;0,35;;;0,0342608;;3,921568627;;;2608,99654;;0,32;;0,173010381;;0,9042664;;39,80952381;;;469,8015;;;9,707804691;;1,057285659;;;34,4;;;281,4;;438,5150812064965
116610;;;10-II-A-SL-2C;;10-II-A-SL-2C;;S: Sedimento;Sedimento de Lecho;1241052;1798791;1241052;1798791;;;;1-Bogotá;1241052,42;1798790,53;39301;;;;25000;;;;;;LA GUAJIRA;;;;PROYECTO ALTA GUAJIRA ;;;;;;;;;;;ICP-OES;;411,91556;0,41191556;7,25;;72500;;;8,009085;;0,520408163;0,000520408;;22,0;;;2032,9;;;0,985;;;6,238235294;;;1,0;;0,8;;8000;;;510,4;0,5104;;28,4;;112,1;;;82,37216455;;;20,5;;1,47;;;15,386;;2,05;;1,180952381;;0,59047619;1,67;;16700;;;7,1;;2,058956916;;;;5,683893081;14,28;0,01428;;0,388571429;;;;0,0247;;;3,91;;39100;;12,95238095;;;9,15552;;0,21;0,34;;3400;;;;746,952381;;;1,11;;0,7;;7000;;7,047619048;;13,26412918;;;7,058823529;;;;316,7705882;;;30,702;;;;;3,57;;;;;;80,1;;;;;;243,628;;;0,553142857;;3,5;;0,0;79,49;;794900,0;;2,33426704;;;1,213;;;80,3;;;2,4582;;0,37;;;0,0378917;;4,855275444;;;2289,311803;;0,48;;0,192233756;;1,2227204;;39,14285714;;;443,4405;;;11,91849289;;1,287966167;;;54,8;;;185,7;;488,1398252184769
116571;;;2-IV-B-SL-13A;;2-IV-B-SL-13A;;S: Sedimento;Sedimento de Lecho;1256544;1854293;1256544;1854293;;;;1-Bogotá;1256543,9;1854292,61;28-5-2007;;;;25000;;;;;;LA GUAJIRA;;;;PROYECTO ALTA GUAJIRA ;;;;;;;;;;;ICP-OES;;57,624;0,057624;6,87;;68700;;;3,245865;;0,826530612;0,000826531;;11,0;;;382,5;;;0,728;;;7,277941176;;;1,0;;2,4;;24000;;;123,4;0,1234;;26,3;;77,4;;;62,76432141;;;423,8;;0,882;;;12,838;;3,0;;1,628571429;;0,838095238;3,1;;31000;;;8,3;;2,721088435;;;;3,307446522;8,16;0,00816;;0,582857143;;;;0,03515;;;1,04;;10400;;13,23809524;;;9,05148;;0,26;2,73;;27300;;;;428,4761905;;;0,92;;1,6;;16000;;5,619047619;;14,32141484;;;82,94117647;;;;242,7901961;;;8,058;;;;;3,57;;;;;;26,1;;;;;;372,596;;;0,276571429;;11,7;;0,0;79,26;;792600,0;;2,987861811;;;1,082;;;131,5;;;1,8564;;0,52;;;0,040964;;4,295051354;;;2425,317186;;0,19;;0,269127259;;0,851541;;90,47619048;;;314,1605;;;16,05151865;;1,710880431;;;35,5;;;97,7;;398,46743295019155
116558;;;2-IV-B-SL-04;;2-IV-B-SL-04;;S: Sedimento;Sedimento de Lecho;1262205;1858601;1262205;1858601;;;;1-Bogotá;1262205,49;1858600,51;28-5-2007;;;;25000;;;;;;LA GUAJIRA;;;;PROYECTO ALTA GUAJIRA ;;;;;;;;;;;ICP-OES;;56,85568;0,05685568;5,6;;56000;;;2,659335;;0,306122449;0,000306122;;10,0;;;413,9;;;0,838;;;7,277941176;;;0,0;;0,98;;9800;;;48,0;0,048;;38,8;;51,5;;;73,62552864;;;155,1;;0,784;;;6,076;;2,13;;1,20952381;;0,647619048;1,38;;13800;;;5,8;;2,548752834;;;;6,406837873;8,67;0,00867;;0,408;;;;0,01805;;;1,4;;14000;;20,0952381;;;7,69896;;0,2;0,35;;3500;;;;205,3333333;;;0,92;;1,24;;12400;;6,761904762;;17,5893887;;;12,35294118;;;;173,0372549;;;7,446;;;;;4,83;;;;;;34,7;;;;;;57,82;;;0,195904762;;3,1;;0,0;79,22;;792200,0;;2,987861811;;;1,279;;;129,3;;;2,1012;;0,42;;;0,01;;3,828197946;;;1924,548251;;0,24;;0,182622068;;0,8368652;;31,33333333;;;386,1735;;;11,34179162;;1,23029604;;;25,0;;;179,6;;403,4582132564841
116572;;;2-IV-B-SL-13B;;2-IV-B-SL-13B;;S: Sedimento;Sedimento de Lecho;1260051;1853220;1260051;1853220;;;;1-Bogotá;1260050,78;1853219,85;28-5-2007;;;;25000;;;;;;LA GUAJIRA;;;;PROYECTO ALTA GUAJIRA ;;;;;;;;;;;ICP-OES;;60,31312;0,06031312;8,24;;82400;;;2,75604;;0,244897959;0,000244898;;9,0;;;538,5;;;0,899;;;0,145558824;;;1,0;;1,69;;16900;;;113,2;0,1132;;31,9;;87,0;;;68,05074971;;;144,3;;0,98;;;11,466;;2,37;;1,361904762;;0,828571429;2,87;;28700;;;8,4;;2,421768707;;;;6,518607999;9,18;0,00918;;0,476;;;;0,0266;;;1,63;;16300;;16,85714286;;;8,63532;;0,23;1,67;;16700;;;;446,5714286;;;1,0;;1,77;;17700;;6,952380952;;15,28258362;;;40,68627451;;;;343,3843137;;;7,854;;;;;4,095;;;;;;39,4;;;;;;112,7;;;0,23047619;;6,3;;0,0;78,74;;787400,0;;2,801120448;;;1,092;;;177,8;;;2,142;;0,44;;;0,0314678;;5,042016807;;;2405,613226;;0,27;;0,22106882;;1,0310048;;57,52380952;;;348,9045;;;13,26412918;;1,441753172;;;38,9;;;181,3;;413,7055837563452
116584;;;2-IV-D-SL-20-D;;2-IV-D-SL-20-D;;S: Sedimento;Sedimento de Lecho;1264081;1840403;1264081;1840403;;;;1-Bogotá;1264080,53;1840402,57;30-5-2007;;;;25000;;;;;;LA GUAJIRA;;;;PROYECTO ALTA GUAJIRA ;;;;;;;;;;;ICP-OES;;82,88252;0,08288252;7,13;;71300;;;6,182925;;0,295918367;0,000295918;;19,0;;;442,1;;;0,903;;;0,114367647;;;1,0;;0,8;;8000;;;186,2;0,1862;;24,7;;75,6;;;104,7673972;;;330,5;;1,862;;;32,928;;2,23;;1,219047619;;0,571428571;3,46;;34600;;;7,6;;2,049886621;;;;3,940338141;10,2;0,0102;;0,437142857;;;;0,0304;;;1,53;;15300;;12,66666667;;;15,606;;0,19;3,33;;33300;;;;731,3333333;;;1,25;;1,0;;10000;;5,904761905;;12,01460977;;;139,7058824;;;;319,6529412;;;11,322;;;;;3,15;;;;;;45,3;;;;;;47,53;;;0,564666667;;7,7;;0,0;78,61;;786100,0;;2,33426704;;;1,029;;;83,9;;;2,5092;;0,39;;;0,05586;;5,602240896;;;2235,870819;;0,35;;0,201845444;;0,938378;;75,33333333;;;482,0225;;;12,20684352;;1,268742791;;;55,9;;;125,0;;337,74834437086093
116569;;;2-IV-B-SL-12A;;2-IV-B-SL-12A;;S: Sedimento;Sedimento de Lecho;1255930;1854249;1255930;1854249;;;;1-Bogotá;1255929,89;1854248,72;28-5-2007;;;;25000;;;;;;LA GUAJIRA;;;;PROYECTO ALTA GUAJIRA ;;;;;;;;;;;ICP-OES;;90,08552;0,09008552;7,15;;71500;;;3,74619;;0,346938776;0,000346939;;24,0;;;437,1;;;0,755;;;7,277941176;;;1,0;;2,82;;28200;;;125,1;0,1251;;33,4;;77,3;;;58,53517878;;;383,3;;1,078;;;14,798;;3,43;;1,961904762;;0,857142857;3,27;;32700;;;8,6;;2,947845805;;;;3,775873129;8,67;0,00867;;0,689714286;;;;0,0323;;;1,28;;12800;;17,04761905;;;9,67572;;0,32;2,53;;25300;;;;425,4285714;;;1,09;;1,4;;14000;;7,047619048;;16,33986928;;;90,29411765;;;;377,4921569;;;8,466;;;;;4,305;;;;;;31,6;;;;;;248,332;;;0,322666667;;11,5;;0,0;78,51;;785100,0;;3,174603175;;;1,037;;;137,1;;;1,6422;;0,58;;;0,0310954;;4,66853408;;;2822,376009;;0,22;;0,326797386;;1,2238556;;86,0952381;;;280,2245;;;18,64667436;;1,960784314;;;38,0;;;100,8;;405,0632911392405
116607;;;10-I-D-SL-10-A;;10-I-D-SL-10-A;;S: Sedimento;Sedimento de Lecho;1235081;1786831;1235081;1786831;;;;1-Bogotá;1235081,07;1786830,94;;;;;25000;;;;;;LA GUAJIRA;;;;PROYECTO ALTA GUAJIRA ;;;;;;;;;;;ICP-OES;;101,51428;0,10151428;9,46;;94600;;;3,048675;;0,244897959;0,000244898;;37,0;;;607,6;;;1,054;;;9,357352941;;;1,0;;0,59;;5900;;;345,8;0,3458;;35,1;;114,6;;;59,78469819;;;21,4;;1,764;;;13,426;;2,51;;1,40952381;;0,752380952;2,25;;22500;;;9,6;;2,548752834;;;;4,457628;10,71;0,01071;;0,476;;;;0,0323;;;2,69;;26900;;18,28571429;;;14,0454;;0,23;0,69;;6900;;;;243,2380952;;;1,05;;1,48;;14800;;7,142857143;;17,01268743;;;8,921568627;;;;327,9156863;;;12,954;;;;;4,515;;;;;;60,5;;;;;;177,674;;;0,426380952;;5,5;;0,0;78,22;;782200,0;;3,081232493;;;0,927;;;89,0;;;1,7748;;0,45;;;0,0728973;;4,295051354;;;2239,042676;;0,5;;0,22106882;;0,8682992;;41,9047619;;;312,1405;;;13,74471357;;1,422529796;;;57,9;;;144,0;;444,6280991735537
116621;;;10-II-A-SL-7A;;10-II-A-SL-7A;;S: Sedimento;Sedimento de Lecho;1242133;1797289;1242133;1797289;;;;1-Bogotá;1242133,25;1797289,07;20-7-2007;;;;25000;;;;;;LA GUAJIRA;;;;PROYECTO ALTA GUAJIRA ;;;;;;;;;;;ICP-OES;;63,09828;0,06309828;11,81;;118100;;;3,94926;;1,010204082;0,001010204;;24,0;;;1046,1;;;1,401;;;0,135161765;;;1,0;;0,21;;2100;;;59,9;0,0599;;46,8;;85,5;;;47,96232218;;;12,1;;1,47;;;7,742;;2,81;;1,79047619;;0,628571429;2,21;;22100;;;13,1;;2,793650794;;;;5,842565215;16,83;0,01683;;0,573142857;;;;0,0361;;;3,96;;39600;;21,23809524;;;7,49088;;0,37;0,61;;6100;;;;472,7619048;;;1,41;;0,84;;8400;;10,28571429;;18,83890811;;;5,0;;;;191,2921569;;;12,852;;;;;5,355;;;;;;85,3;;;;;;226,478;;;0,541619048;;5,3;;0,0;78,08;;780800,0;;3,174603175;;;1,425;;;65,7;;;1,8156;;0,49;;;0,1776348;;6,442577031;;;1849,096501;;0,5;;0,326797386;;1,19528;;28,76190476;;;252,0455;;;16,53210304;;2,162629758;;;30,2;;;166,9;;464,2438452520516
116608;;;10-I-D-SL-10-B;;10-I-D-SL-10-B;;S: Sedimento;Sedimento de Lecho;1236357;1785887;1236357;1785887;;;;1-Bogotá;1236356,91;1785886,88;;;;;25000;;;;;;LA GUAJIRA;;;;PROYECTO ALTA GUAJIRA ;;;;;;;;;;;ICP-OES;;110,25392;0,11025392;9,33;;93300;;;3,5448;;0,459183673;0,000459184;;32,0;;;567,9;;;1,037;;;0,114367647;;;1,0;;0,52;;5200;;;567,9;0,5679;;36,0;;97,9;;;59,20799692;;;26,8;;2,058;;;12,544;;2,71;;1,438095238;;0,8;2,38;;23800;;;9,4;;2,875283447;;;;4,717156393;11,73;0,01173;;0,514857143;;;;0,03325;;;2,58;;25800;;19,14285714;;;15,0858;;0,24;0,74;;7400;;;;326,2857143;;;1,12;;1,16;;11600;;7,238095238;;17,39715494;;;10,88235294;;;;392,8647059;;;13,668;;;;;4,62;;;;;;58,8;;;;;;127,4;;;0,564666667;;5,9;;0,0;77,96;;779600,0;;3,267973856;;;1,16;;;75,3;;;1,785;;0,51;;;0,0442225;;4,761904762;;;2290,176855;;0,56;;0,240292195;;0,94592;;54,0952381;;;310,1205;;;14,70588235;;1,518646674;;;73,1;;;152,7;;438,7755102040816
116583;;;2-IV-D-SL-20-C;;2-IV-D-SL-20-C;;S: Sedimento;Sedimento de Lecho;1264396;1840553;1264396;1840553;;;;1-Bogotá;1264396,14;1840553,19;30-5-2007;;;;25000;;;;;;LA GUAJIRA;;;;PROYECTO ALTA GUAJIRA ;;;;;;;;;;;ICP-OES;;71,93396;0,07193396;5,21;;52100;;;9,08355;;0,734693878;0,000734694;;14,0;;;414,5;;;0,785;;;9,357352941;;;0,0;;0,55;;5500;;;179,9;0,1799;;25,9;;82,5;;;89,10034602;;;41,3;;1,47;;;19,6;;2,22;;1,238095238;;0,571428571;2,41;;24100;;;5,7;;2,167800454;;;;3,596897341;11,22;0,01122;;0,437142857;;;;0,0266;;;1,42;;14200;;13,33333333;;;13,73328;;0,2;0,49;;4900;;;;461,5238095;;;1,3;;0,88;;8800;;5,047619048;;12,3029604;;;18,92156863;;;;298,9960784;;;12,138;;;;;3,255;;;;;;39,6;;;;;;112,896;;;0,645333333;;5,1;;0,0;77,75;;777500,0;;2,427637722;;;0,945;;;67,0;;;1,9278;;0,4;;;0,0432915;;4,388422035;;;1789,600154;;0,33;;0,211457132;;0,8815724;;44,19047619;;;448,7935;;;12,3029604;;1,287966167;;;45,3;;;116,7;;358,58585858585855
116602;;;10-I-B-SL-5;;10-I-B-SL-5;;S: Sedimento;Sedimento de Lecho;1234442;1798598;1234442;1798598;;;;1-Bogotá;1234442,15;1798597,57;;;;;25000;;;;;;LA GUAJIRA;;;;PROYECTO ALTA GUAJIRA ;;;;;;;;;;;ICP-OES;;59,5448;0,0595448;9,52;;95200;;;2,95071;;0,224489796;0,00022449;;25,0;;;484,0;;;1,072;;;8,317647059;;;0,0;;0,87;;8700;;;261,2;0,2612;;42,2;;73,5;;;64,68665898;;;41,0;;1,47;;;17,15;;2,53;;1,295238095;;0,752380952;3,22;;32200;;;10,3;;2,893424036;;;;8,572435489;9,18;0,00918;;0,476;;;;0,03515;;;1,79;;17900;;20,28571429;;;16,02216;;0,19;0,97;;9700;;;;408,1904762;;;1,0;;1,08;;10800;;9,619047619;;19,70396002;;;15,78431373;;;;323,0156863;;;11,832;;;;;5,25;;;;;;48,2;;;;;;40,278;;;0,426380952;;7,3;;0,0;77,59;;775900,0;;3,548085901;;;1,281;;;88,8;;;2,1216;;0,48;;;0,0283955;;5,415499533;;;3239,23491;;0,39;;0,201845444;;0,9276284;;66,38095238;;;341,0265;;;12,87966167;;1,297577855;;;62,2;;;277,5;;371,3692946058091
116636;;;10-II-C-SL-06A;;10-II-C-SL-06A;;S: Sedimento;Sedimento de Lecho;1238813;1788103;1238813;1788103;;;;1-Bogotá;1238812,98;1788103,42;20-7-2007;;;;25000;;;;;;LA GUAJIRA;;;;PROYECTO ALTA GUAJIRA ;;;;;;;;;;;ICP-OES;;70,39732;0,07039732;9,85;;98500;;;5,20296;;0,336734694;0,000336735;;17,0;;;1020,5;;;1,147;;;0,155955882;;;2,0;;0,31;;3100;;;108,3;0,1083;;33,3;;95,8;;;13,64859669;;;12,0;;2,058;;;8,33;;2,13;;1,342857143;;0,504761905;1,99;;19900;;;11,3;;2,004535147;;;;8,409103474;12,24;0,01224;;0,437142857;;;;0,0399;;;3,82;;38200;;14,47619048;;;12,90096;;0,27;0,37;;3700;;;;351,2380952;;;0,58;;1,59;;15900;;8,666666667;;12,87966167;;;6,078431373;;;;167,6568627;;;19,992;;;;;3,57;;;;;;85,7;;;;;;88,396;;;0,541619048;;4,3;;0,0;77,49;;774900,0;;2,240896359;;;1,14;;;84,3;;;0,9588;;0,36;;;0,0956137;;5,508870215;;;1629,853902;;0,6;;0,240292195;;1,0412516;;25,61904762;;;56,9135;;;12,59131103;;1,691657055;;;42,6;;;235,1;;445,7409568261377
116562;;;2-IV-B-SL-7-C;;2-IV-B-SL-7-C;;S: Sedimento;Sedimento de Lecho;1254513;1855436;1254513;1855436;;;;1-Bogotá;1254513,49;1855435,86;28-5-2007;;;;25000;;;;;;LA GUAJIRA;;;;PROYECTO ALTA GUAJIRA ;;;;;;;;;;;ICP-OES;;103,62716;0,10362716;9,68;;96800;;;3,444735;;0,275510204;0,00027551;;19,0;;;420,7;;;1,152;;;0,124764706;;;2,0;;0,94;;9400;;;107,2;0,1072;;32,4;;78,7;;;45,55940023;;;89,4;;2,646;;;11,368;;2,4;;1,295238095;;0,666666667;2,56;;25600;;;8,8;;2,430839002;;;;3,963318722;10,71;0,01071;;0,456571429;;;;0,0304;;;1,67;;16700;;16,95238095;;;19,2474;;0,21;1,05;;10500;;;;252,4761905;;;0,87;;1,02;;10200;;6,095238095;;15,47481738;;;33,92156863;;;;351,8392157;;;10,302;;;;;4,095;;;;;;53,6;;;;;;191,1;;;0,23047619;;6,1;;0,0;77,41;;774100,0;;2,801120448;;;0,996;;;121,1;;;1,3566;;0,43;;;0,0154546;;5,322128852;;;2007,112649;;0,37;;0,211457132;;1,1728;;55,52380952;;;218,8165;;;12,68742791;;1,307189542;;;46,5;;;129,5;;311,56716417910445
116605;;;10-I-B-SL-15A;;10-I-B-SL-15A;;S: Sedimento;Sedimento de Lecho;1235452;1793768;1235452;1793768;;;;1-Bogotá;1235452,44;1793768,31;;;;;25000;;;;;;LA GUAJIRA;;;;PROYECTO ALTA GUAJIRA ;;;;;;;;;;;ICP-OES;;58,1042;0,0581042;10,33;;103300;;;2,659335;;0,336734694;0,000336735;;27,0;;;792,9;;;1,127;;;0,135161765;;;1,0;;0,35;;3500;;;73,0;0,073;;45,7;;84,3;;;48,44290657;;;17,7;;1,862;;;7,644;;2,62;;1,619047619;;0,647619048;2,23;;22300;;;11,3;;2,811791383;;;;8,1476256;11,22;0,01122;;0,553714286;;;;0,03705;;;3,07;;30700;;23,23809524;;;10,61208;;0,31;0,53;;5300;;;;448,4761905;;;0,82;;1,52;;15200;;9,714285714;;19,70396002;;;5,980392157;;;;190,7156863;;;14,586;;;;;5,46;;;;;;72,1;;;;;;73,206;;;0,691428571;;4,5;;0,0;77,39;;773900,0;;3,267973856;;;1,545;;;82,0;;;1,836;;0,49;;;0,0349125;;6,349206349;;;2074,490581;;0,45;;0,288350634;;1,1471516;;33,61904762;;;255,3785;;;15,85928489;;1,855055748;;;37,0;;;235,1;;425,7975034674064
116577;;;2-IV-D-SL-01A;;2-IV-D-SL-01A;;S: Sedimento;Sedimento de Lecho;1252100;1851466;1252100;1851466;;;;1-Bogotá;1252099,88;1851465,8;39176;;;;25000;;;;;;LA GUAJIRA;;;;PROYECTO ALTA GUAJIRA ;;;;;;;;;;;ICP-OES;;81,44192;0,08144192;8,72;;87200;;;3,5448;;0,836734694;0,000836735;;27,0;;;590,2;;;1,232;;;0,135161765;;;1,0;;2,86;;28600;;;135,2;0,1352;;45,9;;61,0;;;50,94194541;;;158,8;;1,568;;;30,282;;2,74;;1,504761905;;0,904761905;3,08;;30800;;;9,8;;3,092970522;;;;6,544340367;10,2;0,0102;;0,514857143;;;;0,02565;;;1,69;;16900;;25,61904762;;;11,34036;;0,25;1,45;;14500;;;;350,3809524;;;1,65;;1,7;;17000;;7,714285714;;20,76124567;;;34,50980392;;;;559,5607843;;;9,282;;;;;5,67;;;;;;45,7;;;;;;223,832;;;0,334190476;;6,0;;0,0;76,78;;767800,0;;3,548085901;;;1,245;;;237,7;;;1,7952;;0,51;;;0,047481;;6,255835668;;;2238,946559;;0,31;;0,249903883;;1,4808416;;56,85714286;;;259,8225;;;15,3787005;;1,557093426;;;46,7;;;201,8;;369,8030634573304
116596;;;5-III-D-SL-07;;5-III-D-SL-07;;S: Sedimento;Sedimento de Lecho;1227418;1804680;1227418;1804680;;;;1-Bogotá;1227417,59;1804679,79;39209;;;;25000;;;;;;LA GUAJIRA;;;;PROYECTO ALTA GUAJIRA ;;;;;;;;;;;ICP-OES;;24,39416;0,02439416;9,04;;90400;;;2,467185;;0,244897959;0,000244898;;7,0;;;889,3;;;0,908;;;3,119117647;;;1,0;;0,64;;6400;;;60,5;0,0605;;34,4;;129,4;;;65,84006151;;;26,1;;0,588;;;11,564;;2,78;;1,580952381;;1,238095238;2,65;;26500;;;10,8;;2,884353741;;;;10,71704648;9,69;0,00969;;0,534285714;;;;0,03895;;;3,73;;37300;;18,76190476;;;5,61816;;0,26;0,45;;4500;;;;442,6666667;;;1,21;;2,08;;20800;;21,52380952;;17,20492118;;;6,862745098;;;;213,9666667;;;11,016;;;;;4,515;;;;;;84,7;;;;;;38,906;;;0,149809524;;4,3;;0,0;76,73;;767300,0;;3,081232493;;;2,01;;;147,2;;;2,5704;;0,51;;;0,0225302;;4,855275444;;;6553,152634;;0,57;;0,249903883;;0,8025876;;61,52380952;;;355,9745;;;14,41753172;;1,53787005;;;39,9;;;310,2;;440,3778040141676
116620;;;10-II-A-SL-6C;;10-II-A-SL-6C;;S: Sedimento;Sedimento de Lecho;1237702;1795320;1237702;1795320;;;;1-Bogotá;1237702,32;1795320,35;20-7-2007;;;;25000;;;;;;LA GUAJIRA;;;;PROYECTO ALTA GUAJIRA ;;;;;;;;;;;ICP-OES;;95,17564;0,09517564;10,55;;105500;;;6,405315;;0,387755102;0,000387755;;33,0;;;916,2;;;1,228;;;0,343102941;;;1,0;;0,39;;3900;;;105,2;0,1052;;33,2;;79,8;;;47,67397155;;;13,7;;1,078;;;10,29;;2,26;;1,352380952;;0,704761905;2,88;;28800;;;11,1;;2,10430839;;;;6,981295519;11,22;0,01122;;0,446857143;;;;0,03895;;;3,26;;32600;;17,04761905;;;9,15552;;0,27;0,55;;5500;;;;359,5238095;;;2,12;;0,91;;9100;;8,952380952;;14,12918108;;;4,901960784;;;;289,5803922;;;27,438;;;;;3,885;;;;;;63,8;;;;;;439,432;;;0,414857143;;5,8;;1,0;76,69;;766900,0;;2,427637722;;;1,371;;;96,6;;;1,785;;0,38;;;0,4992953;;5,042016807;;;2418,781238;;0,71;;0,240292195;;1,0118752;;54,28571429;;;257,3985;;;12,49519416;;1,62437524;;;40,8;;;203,7;;510,97178683385584
116622;;;10-II-A-SL-7B;;10-II-A-SL-7B;;S: Sedimento;Sedimento de Lecho;1240128;1795519;1240128;1795519;;;;1-Bogotá;1240127,81;1795519,41;20-7-2007;;;;25000;;;;;;LA GUAJIRA;;;;PROYECTO ALTA GUAJIRA ;;;;;;;;;;;ICP-OES;;85,85976;0,08585976;11,88;;118800;;;4,051425;;9,153061224;0,009153061;;27,0;;;985,0;;;1,219;;;0,228735294;;;1,0;;0,3;;3000;;;84,3;0,0843;;38,7;;88,1;;;42,67589389;;;11,7;;1,47;;;12,838;;2,6;;1,571428571;;0,60952381;2,74;;27400;;;12,5;;2,458049887;;;;5,156728043;13,26;0,01326;;0,505142857;;;;0,04085;;;3,88;;38800;;19,14285714;;;9,15552;;0,3;0,7;;7000;;;;368,6666667;;;1,51;;1,03;;10300;;9,428571429;;16,62821992;;;4,607843137;;;;254,8;;;14,79;;;;;4,62;;;;;;81,2;;;;;;409,346;;;0,587714286;;6,2;;0,0;76,68;;766800,0;;2,801120448;;;1,493;;;78,8;;;1,6422;;0,44;;;0,2739933;;5,042016807;;;2329,488658;;0,52;;0,269127259;;1,0410272;;41,04761905;;;219,1195;;;14,70588235;;1,893502499;;;41,4;;;150,0;;477,83251231527095
116554;;;2-IV-D-SL-20;;2-IV-D-SL-20;;S: Sedimento;Sedimento de Lecho;1264963;1842694;1264963;1842694;;;;1-Bogotá;1264962,96;1842694,34;31-5-2007;;;;25000;;;;;;LA GUAJIRA;;;;PROYECTO ALTA GUAJIRA ;;;;;;;;;;;ICP-OES;;124,3718;0,1243718;10,27;;102700;;;6,629385;;0,612244898;0,000612245;;37,0;;;450,6;;;1,323;;;0,135161765;;;1,0;;0,33;;3300;;;233,4;0,2334;;41,7;;45,5;;;64,20607459;;;62,4;;2,842;;;25,088;;2,72;;1,4;;0,80952381;3,9;;39000;;;10,6;;2,875283447;;;;5,707274625;14,79;0,01479;;0,485714286;;;;0,04085;;;1,96;;19600;;21,42857143;;;26,42616;;0,23;0,51;;5100;;;;394,8571429;;;1,25;;1,04;;10400;;7,142857143;;18,83890811;;;22,35294118;;;;458,0058824;;;13,566;;;;;5,145;;;;;;59,2;;;;;;209,72;;;1,083238095;;8,4;;1,0;76,61;;766100,0;;3,361344538;;;1,259;;;83,7;;;1,7544;;0,5;;;0,0435708;;7,56302521;;;2987,889273;;0,45;;0,230680507;;1,3135674;;77,33333333;;;312,1405;;;13,84083045;;1,432141484;;;73,5;;;211,5;;331,08108108108104
116612;;;10-II-A-SL-4A;;10-II-A-SL-4A;;S: Sedimento;Sedimento de Lecho;1246895;1799698;1246895;1799698;;;;1-Bogotá;1246894,84;1799697,8;18-7-2007;;;;25000;;;;;;LA GUAJIRA;;;;PROYECTO ALTA GUAJIRA ;;;;;;;;;;;ICP-OES;;61,75372;0,06175372;10,18;;101800;;;7,082565;;0,275510204;0,00027551;;25,0;;;712,4;;;1,048;;;0,114367647;;;1,0;;0,72;;7200;;;72,7;0,0727;;31,3;;86,6;;;51,71088043;;;19,1;;1,666;;;10,976;;2,39;;1,419047619;;0,8;3,65;;36500;;;10,9;;2,267573696;;;;6,359232048;16,83;0,01683;;0,466285714;;;;0,0399;;;3,28;;32800;;17,04761905;;;12,17268;;0,25;0,89;;8900;;;;429,4285714;;;0,86;;1,33;;13300;;8,857142857;;14,22529796;;;7,058823529;;;;250,2843137;;;15,198;;;;;3,885;;;;;;78,1;;;;;;180,222;;;0,403333333;;7,4;;0,0;76,47;;764700,0;;2,521008403;;;1,045;;;93,9;;;1,9686;;0,42;;;0,0285817;;4,761904762;;;3141,772395;;0,46;;0,240292195;;1,110091;;70,0;;;264,3675;;;13,55247982;;1,509034987;;;50,4;;;185,5;;419,97439180537776
116552;;;2-IV-D-SL-15B;;2-IV-D-SL-15B;;S: Sedimento;Sedimento de Lecho;1263966;1844797;1263966;1844797;;;;1-Bogotá;1263965,79;1844797,15;30-5-2007;;;;25000;;;;;;LA GUAJIRA;;;;PROYECTO ALTA GUAJIRA ;;;;;;;;;;;ICP-OES;;80,38548;0,08038548;4,02;;40200;;;3,645285;;0,336734694;0,000336735;;18,0;;;316,5;;;0,794;;;6,238235294;;;0,0;;0,28;;2800;;;145,8;0,1458;;24,7;;49,1;;;90,73433295;;;28,1;;1,274;;;9,604;;1,65;;0,885714286;;0,485714286;1,4;;14000;;;4,9;;1,841269841;;;;4,844574875;9,69;0,00969;;0,301142857;;;;0,02185;;;1,38;;13800;;13,23809524;;;10,404;;0,15;0,26;;2600;;;;186,0;;;0,96;;0,77;;7700;;4,380952381;;11,72625913;;;13,23529412;;;;187,1607843;;;9,078;;;;;3,15;;;;;;43,4;;;;;;29,694;;;0,311142857;;3,5;;0,0;76,2;;762000,0;;2,147525677;;;1,051;;;60,9;;;1,1322;;0,31;;;0,0552083;;4,108309991;;;1354,479047;;0,32;;0,134563629;;0,8174018;;29,04761905;;;470,5085;;;8,746635909;;0,893886967;;;29,9;;;156,5;;317,97235023041475
116600;;;5-III-D-SL-12B;;5-III-D-SL-12B;;S: Sedimento;Sedimento de Lecho;1226727;1801432;1226727;1801432;;;;1-Bogotá;1226727,12;1801431,51;39209;;;;25000;;;;;;LA GUAJIRA;;;;PROYECTO ALTA GUAJIRA ;;;;;;;;;;;ICP-OES;;55,60716;0,05560716;10,14;;101400;;;2,95071;;0,448979592;0,00044898;;17,0;;;768,3;;;0,987;;;5,198529412;;;1,0;;0,67;;6700;;;457,9;0,4579;;36,2;;132,5;;;54,11380238;;;35,3;;1,372;;;11,074;;3,02;;1,60952381;;1,342857143;2,49;;24900;;;11,5;;2,993197279;;;;7,255713329;11,73;0,01173;;0,573142857;;;;0,0361;;;3,23;;32300;;20,0952381;;;12,17268;;0,28;0,62;;6200;;;;266,0952381;;;1,05;;1,77;;17700;;8,19047619;;18,74279123;;;11,66666667;;;;380,9509804;;;11,934;;;;;4,83;;;;;;72,9;;;;;;93,786;;;0,460952381;;5,9;;0,0;75,91;;759100,0;;3,454715219;;;2,054;;;129,7;;;1,6626;;0,55;;;0,0415226;;5,135387488;;;2809,400231;;0,57;;0,259515571;;0,8365792;;56,76190476;;;270,6295;;;15,95540177;;1,633986928;;;67,1;;;225,1;;443,0727023319616
116546;;;2-IV-D-SL-08;;2-IV-D-SL-08;;S: Sedimento;Sedimento de Lecho;1256808;1846401;1256808;1846401;;;;1-Bogotá;1256807,95;1846401,11;29-5-2007;;;;25000;;;;;;LA GUAJIRA;;;;PROYECTO ALTA GUAJIRA ;;;;;;;;;;;ICP-OES;;69,34088;0,06934088;11,34;;113400;;;1,531635;;0,93877551;0,000938776;;9,0;;;570,6;;;1,012;;;0,457470588;;;1,0;;3,06;;30600;;;181,5;0,1815;;46,4;;67,5;;;66,99346405;;;42,8;;0,882;;;16,66;;3,54;;1,971428571;;1,095238095;4,01;;40100;;;12,8;;3,56462585;;;;8,021138756;11,22;0,01122;;0,689714286;;;;0,03705;;;1,45;;14500;;22,19047619;;;7,803;;0,35;1,25;;12500;;;;643,1428571;;;1,08;;2,5;;25000;;8,285714286;;22,58746636;;;12,15686275;;;;495,8607843;;;11,118;;;;;5,88;;;;;;33,5;;;;;;38,122;;;0,218952381;;10,1;;0,0;75,81;;758100,0;;4,108309991;;;0,958;;;324,9;;;2,0604;;0,63;;;0,073549;;6,535947712;;;3104,094579;;0,24;;0,326797386;;1,1906176;;90,28571429;;;341,0265;;;18,74279123;;2,06651288;;;56,9;;;185,7;;432,8358208955224
116553;;;2-IV-D-SL-17;;2-IV-D-SL-17;;S: Sedimento;Sedimento de Lecho;1253019;1842557;1253019;1842557;;;;1-Bogotá;1253018,52;1842557,03;30-5-2007;;;;25000;;;;;;LA GUAJIRA;;;;PROYECTO ALTA GUAJIRA ;;;;;;;;;;;ICP-OES;;42,7378;0,0427378;12,45;;124500;;;1,900815;;0,275510204;0,00027551;;9,0;;;698,6;;;1,178;;;8,317647059;;;1,0;;2,68;;26800;;;81,5;0,0815;;63,8;;55,4;;;61,99538639;;;40,8;;1,078;;;10,78;;3,13;;1,723809524;;1,19047619;3,9;;39000;;;14,2;;3,79138322;;;;9,199109172;8,16;0,00816;;0,582857143;;;;0,02945;;;1,76;;17600;;34,0952381;;;8,42724;;0,27;0,73;;7300;;;;461,1428571;;;1,36;;2,43;;24300;;10,0;;26,52825836;;;8,333333333;;;;443,6901961;;;8,466;;;;;7,455;;;;;;39,7;;;;;;111,132;;;0,138285714;;7,2;;0,0;75,74;;757400,0;;4,295051354;;;1,315;;;341,6;;;2,1624;;0,62;;;0,0441294;;9,710550887;;;2693,483276;;0,27;;0,288350634;;1,314764;;85,33333333;;;322,8465;;;16,62821992;;1,864667436;;;40,3;;;200,5;;443,3249370277078
116633;;;10-II-C-SL-01;;10-II-C-SL-01;;S: Sedimento;Sedimento de Lecho;1238475;1789354;1238475;1789354;;;;1-Bogotá;1238475,46;1789353,66;20-7-2007;;;;25000;;;;;;LA GUAJIRA;;;;PROYECTO ALTA GUAJIRA ;;;;;;;;;;;ICP-OES;;62,81016;0,06281016;10,78;;107800;;;3,14706;;0,836734694;0,000836735;;60,0;;;830,4;;;1,02;;;0,259926471;;;2,0;;1,08;;10800;;;204,3;0,2043;;33,9;;249,5;;;23,7408689;;;11,1;;1,176;;;9,212;;1,85;;1,066666667;;0,628571429;2,11;;21100;;;11,2;;2,095238095;;;;4,493576613;11,22;0,01122;;0,359428571;;;;0,03705;;;3,5;;35000;;17,42857143;;;12,4848;;0,2;0,48;;4800;;;;334,1904762;;;0,97;;2,5;;25000;;6,19047619;;14,60976547;;;3,529411765;;;;177,3607843;;;18,258;;;;;4,095;;;;;;69,7;;;;;;79,38;;;0,47247619;;5,0;;0,0;75,73;;757300,0;;2,427637722;;;1,198;;;153,1;;;0,9792;;0,34;;;0,0289541;;5,322128852;;;1926,566705;;0,53;;0,182622068;;0,8328998;;39,23809524;;;121,4525;;;10,0922722;;1,201460977;;;51,3;;;112,5;;502,15208034433283
116613;;;10-II-A-SL-4B;;10-II-A-SL-4B;;S: Sedimento;Sedimento de Lecho;1246710;1799386;1246710;1799386;;;;1-Bogotá;1246710,05;1799385,59;18-7-2007;;;;25000;;;;;;LA GUAJIRA;;;;PROYECTO ALTA GUAJIRA ;;;;;;;;;;;ICP-OES;;221,3722;0,2213722;10,12;;101200;;;4,36044;;0,224489796;0,00022449;;35,0;;;822,5;;;1,139;;;0,103970588;;;1,0;;0,44;;4400;;;68,6;0,0686;;35,2;;99,9;;;54,40215302;;;16,7;;1,96;;;12,054;;2,57;;1,514285714;;0,704761905;3,32;;33200;;;10,6;;2,503401361;;;;5,651825493;16,83;0,01683;;0,514857143;;;;0,0361;;;3,9;;39000;;18,76190476;;;10,82016;;0,28;0,71;;7100;;;;376,2857143;;;1,06;;1,11;;11100;;9,428571429;;16,33986928;;;5,882352941;;;;297,8431373;;;16,524;;;;;4,41;;;;;;88,6;;;;;;397,978;;;0,610761905;;6,8;;0,0;75,67;;756700,0;;2,801120448;;;1,258;;;91,8;;;1,8462;;0,45;;;0,203889;;5,135387488;;;3155,036524;;0,51;;0,269127259;;1,177976;;61,71428571;;;284,5675;;;14,60976547;;1,662821992;;;42,2;;;180,1;;440,18058690744925
116603;;;10-I-B-SL-14A;;10-I-B-SL-14A;;S: Sedimento;Sedimento de Lecho;1232633;1793959;1232633;1793959;;;;1-Bogotá;1232632,63;1793959,32;;;;;25000;;;;;;LA GUAJIRA;;;;PROYECTO ALTA GUAJIRA ;;;;;;;;;;;ICP-OES;;143,19564;0,14319564;10,33;;103300;;;2,37174;;0,428571429;0,000428571;;36,0;;;1227,5;;;0,957;;;6,238235294;;;1,0;;0,48;;4800;;;187,9;0,1879;;41,2;;166,6;;;59,01576317;;;17,2;;2,352;;;10,388;;1,99;;1,171428571;;0,628571429;2,09;;20900;;;9,9;;2,185941043;;;;6,16340754;10,71;0,01071;;0,388571429;;;;0,02755;;;5,11;;51100;;22,38095238;;;12,06864;;0,21;0,62;;6200;;;;304,8571429;;;0,96;;1,01;;10100;;9,333333333;;17,01268743;;;7,058823529;;;;243,9431373;;;9,69;;;;;5,04;;;;;;105,3;;;;;;98,0;;;0,507047619;;4,4;;0,0;75,44;;754400,0;;2,614379085;;;0,929;;;88,8;;;2,04;;0,37;;;0,0322126;;5,882352941;;;2531,910804;;0,62;;0,192233756;;1,255178;;46,85714286;;;311,0295;;;11,24567474;;1,259131103;;;34,8;;;201,8;;485,28015194681865
116581;;;2-IV-D-SL-03B;;2-IV-D-SL-03B;;S: Sedimento;Sedimento de Lecho;1259718;1849312;1259718;1849312;;;;1-Bogotá;1259718,02;1849311,85;30-5-2007;;;;25000;;;;;;LA GUAJIRA;;;;PROYECTO ALTA GUAJIRA ;;;;;;;;;;;ICP-OES;;47,15564;0,04715564;9,27;;92700;;;2,659335;;0,214285714;0,000214286;;9,0;;;607,5;;;0,876;;;0,249529412;;;1,0;;1,95;;19500;;;97,6;0,0976;;62,2;;57,9;;;74,49058055;;;182,6;;0,98;;;14,7;;3,8;;2,123809524;;1,047619048;5,42;;54200;;;10,3;;4,235827664;;;;20,89451894;9,18;0,00918;;0,738285714;;;;0,0323;;;1,68;;16800;;31,61904762;;;7,49088;;0,38;1,21;;12100;;;;671,5238095;;;1,45;;2,09;;20900;;11,33333333;;28,83506344;;;27,15686275;;;;440,9039216;;;9,282;;;;;7,77;;;;;;40,9;;;;;;51,94;;;0,218952381;;6,7;;0,0;75,43;;754300,0;;5,042016807;;;1,554;;;236,1;;;2,4582;;0,7;;;0,0445018;;8,029878618;;;4357,939254;;0,28;;0,365244137;;1,624136;;127,8095238;;;396,9805;;;20,37677816;;2,297193387;;;53,7;;;538,8;;410,757946210269
116624;;;10-II-A-SL-11A;;10-II-A-SL-11A;;S: Sedimento;Sedimento de Lecho;1239974;1793913;1239974;1793913;;;;1-Bogotá;1239973,87;1793912,68;20-7-2007;;;;25000;;;;;;LA GUAJIRA;;;;PROYECTO ALTA GUAJIRA ;;;;;;;;;;;ICP-OES;;105,1638;0,1051638;11,2;;112000;;;6,96864;;0,612244898;0,000612245;;40,0;;;904,5;;;1,248;;;0,478264706;;;7,0;;0,52;;5200;;;207,4;0,2074;;39,5;;1931,6;;;57,67012687;;;17,1;;1,568;;;13,034;;2,45;;1,438095238;;0,79047619;2,09;;20900;;;11,4;;2,476190476;;;;8,72912168;13,26;0,01326;;0,476;;;;0,05035;;;3,65;;36500;;20,85714286;;;13,005;;0,27;0,44;;4400;;;;361,5238095;;;1,81;;2,23;;22300;;8,476190476;;16,43598616;;;6,274509804;;;;230,3;;;29,886;;;;;4,62;;;;;;78,0;;;;;;363,874;;;0,460952381;;4,5;;0,0;75,19;;751900,0;;2,89449113;;;1,94;;;108,4;;;1,8462;;0,44;;;0,0453397;;4,948646125;;;1852,172241;;0,63;;0,249903883;;1,0856264;;27,33333333;;;282,7495;;;14,22529796;;1,633986928;;;65,3;;;249,3;;467,94871794871796
116575;;;2-IV-D-SU-01;;2-IV-D-SU-01;;S: Sedimento;Suelo;1252257;1851526;1252257;1851526;;;;1-Bogotá;1252257,33;1851525,6;39176;;;;25000;;;;;;LA GUAJIRA;;;;PROYECTO ALTA GUAJIRA ;;;;;;;;;;;ICP-OES;;80,76964;0,08076964;10,46;;104600;;;3,245865;;1,204081633;0,001204082;;22,0;;;600,3;;;1,144;;;0,166352941;;;3,0;;2,35;;23500;;;143,7;0,1437;;34,1;;466,9;;;46,71280277;;;85,6;;1,862;;;14,014;;2,42;;1,342857143;;0,79047619;2,94;;29400;;;10,9;;2,648526077;;;;6,207009103;10,71;0,01071;;0,476;;;;0,0342;;;1,81;;18100;;17,61904762;;;13,42116;;0,22;1,49;;14900;;;;386,952381;;;1,43;;1,83;;18300;;6,761904762;;17,01268743;;;35,88235294;;;;457,7176471;;;9,69;;;;;4,41;;;;;;47,9;;;;;;238,532;;;0,265047619;;7,5;;0,0;74,9;;749000,0;;3,174603175;;;1,218;;;226,8;;;1,3158;;0,47;;;0,0751317;;6,722689076;;;2546,039985;;0,34;;0,22106882;;1,26409;;59,33333333;;;204,9795;;;13,36024606;;1,384083045;;;49,7;;;192,0;;377,8705636743215
116626;;;10-II-A-SL-11C;;10-II-A-SL-11C;;S: Sedimento;Sedimento de Lecho;1237109;1793486;1237109;1793486;;;;1-Bogotá;1237108,52;1793485,81;20-7-2007;;;;25000;;;;;;LA GUAJIRA;;;;PROYECTO ALTA GUAJIRA ;;;;;;;;;;;ICP-OES;;35,34272;0,03534272;12,98;;129800;;;6,29391;;0,244897959;0,000244898;;62,0;;;1079,5;;;1,386;;;0,187147059;;;2,0;;0,47;;4700;;;124,2;0,1242;;34,1;;114,3;;;39,50403691;;;14,6;;1,47;;;7,546;;2,26;;1,371428571;;0,59047619;2,6;;26000;;;12,5;;2,185941043;;;;7,4276111;13,26;0,01326;;0,437142857;;;;0,038;;;3,72;;37200;;15,80952381;;;11,65248;;0,27;0,51;;5100;;;;530,1904762;;;1,19;;2,4;;24000;;8,095238095;;14,22529796;;;5,882352941;;;;255,2803922;;;16,524;;;;;3,99;;;;;;79,6;;;;;;185,122;;;0,449428571;;4,7;;0,0;74,67;;746700,0;;2,521008403;;;1,076;;;149,6;;;1,4178;;0,38;;;0,290472;;4,014939309;;;2048,923491;;0,6;;0,249903883;;0,85964;;39,33333333;;;197,5055;;;13,1680123;;1,605151865;;;47,0;;;217,6;;467,33668341708545
116573;;;2-IV-B-SU-14;;2-IV-B-SU-14;;S: Sedimento;Suelo;1260930;1853332;1260930;1853332;;;;1-Bogotá;1260930,27;1853331,75;28-5-2007;;;;25000;;;;;;LA GUAJIRA;;;;PROYECTO ALTA GUAJIRA ;;;;;;;;;;;ICP-OES;;99,4014;0,0994014;9,48;;94800;;;2,95071;;0,969387755;0,000969388;;23,0;;;518,3;;;1,001;;;0,145558824;;;4,0;;1,35;;13500;;;246,0;0,246;;43,6;;63,6;;;44,21376394;;;292,7;;2,058;;;22,344;;3,39;;1,838095238;;1,019047619;3,49;;34900;;;10,2;;3,337868481;;;;6,74355885;13,26;0,01326;;0,641142857;;;;0,0342;;;1,76;;17600;;21,9047619;;;15,18984;;0,29;2,03;;20300;;;;608,5714286;;;1,1;;1,53;;15300;;8,476190476;;21,14571319;;;110,3921569;;;;311,5823529;;;10,2;;;;;5,565;;;;;;49,5;;;;;;94,276;;;0,322666667;;9,2;;0,0;74,65;;746500,0;;3,921568627;;;1,315;;;147,5;;;1,2852;;0,61;;;0,0287679;;6,442577031;;;3383,506344;;0,36;;0,288350634;;1,3237232;;80,85714286;;;155,2875;;;17,97385621;;1,864667436;;;59,3;;;224,6;;355,55555555555554
116611;;;10-II-A-SL-3;;10-II-A-SL-3;;S: Sedimento;Sedimento de Lecho;1245120;1799417;1245120;1799417;;;;1-Bogotá;1245119,56;1799416,56;18-7-2007;;;;25000;;;;;;LA GUAJIRA;;;;PROYECTO ALTA GUAJIRA ;;;;;;;;;;;ICP-OES;;200,2434;0,2002434;10,01;;100100;;;4,464285;;0,602040816;0,000602041;;50,0;;;808,1;;;1,088;;;0,467867647;;;1,0;;0,39;;3900;;;94,3;0,0943;;39,4;;92,4;;;52,96039985;;;17,1;;1,764;;;14,21;;3,05;;1,79047619;;0,79047619;3,72;;37200;;;10,9;;2,911564626;;;;5,954676;13,26;0,01326;;0,592571429;;;;0,04465;;;3,97;;39700;;20,95238095;;;10,71612;;0,32;0,68;;6800;;;;369,047619;;;2,37;;0,84;;8400;;11,71428571;;18,55055748;;;5,196078431;;;;343,7686275;;;18,972;;;;;5,04;;;;;;85,8;;;;;;908,558;;;0,702952381;;7,9;;1,0;74,62;;746200,0;;3,361344538;;;1,492;;;94,4;;;1,989;;0,53;;;0,3607625;;6,349206349;;;3925,509419;;0,67;;0,30757401;;1,2368952;;75,9047619;;;264,4685;;;17,01268743;;1,912725875;;;40,9;;;192,0;;462,7039627039627
116586;;;3-III-C-SL-6-B;;3-III-C-SL-6-B;;S: Sedimento;Sedimento de Lecho;1267206;1847555;1267206;1847555;;;;1-Bogotá;1267206,07;1847554,55;29-5-2007;;;;25000;;;;;;LA GUAJIRA;;;;PROYECTO ALTA GUAJIRA ;;;;;;;;;;;ICP-OES;;52,05368;0,05205368;6,98;;69800;;;2,853165;;0,265306122;0,000265306;;10,0;;;181,9;;;0,584;;;3,119117647;;;2,0;;2,16;;21600;;;76,4;0,0764;;12,1;;64,6;;;71,22260669;;;800,1;;0,686;;;17,248;;1,46;;0,838095238;;0,428571429;3,87;;38700;;;5,8;;1,224489796;;;;1,682908635;9,69;0,00969;;0,281714286;;;;0,02565;;;0,84;;8400;;6,380952381;;;11,13228;;0,13;9,06;;90600;;;;499,8095238;;;0,52;;1,16;;11600;;2,476190476;;6,247597078;;;324,3137255;;;;183,2215686;;;5,406;;;;;1,575;;;;;;23,3;;;;;;26,264;;;0,195904762;;8,3;;0,0;74,59;;745900,0;;1,307189542;;;0,942;;;81,3;;;1,3158;;0,24;;;0,0562324;;4,948646125;;;1646,289889;;0,17;;0,144175317;;0,5463632;;58,76190476;;;261,8425;;;7,881584006;;0,83621684;;;37,5;;;52,2;;360,51502145922746
116601;;;6-III-A-SL-07A ;;6-III-A-SL-07A ;;S: Sedimento;Sedimento de Lecho;1271769;1818055;1271769;1818055;;;;1-Bogotá;1271769,39;1818054,62;39362;;;;25000;;;;;;LA GUAJIRA;;;;PROYECTO ALTA GUAJIRA ;;;;;;;;;;;ICP-OES;;143,38772;0,14338772;5,73;;57300;;;4,77834;;0,408163265;0,000408163;;31,0;;;433,0;;;0,7;;;4,158823529;;;1,0;;6,66;;66600;;;1285,4;1,2854;;38,7;;119,2;;;37,10111496;;;46,5;;1,078;;;12,74;;3,12;;1,704761905;;0,885714286;2,65;;26500;;;6,3;;3,047619048;;;;5,744427797;11,22;0,01122;;0,602285714;;;;0,02755;;;1,59;;15900;;21,9047619;;;14,14944;;0,29;0,64;;6400;;;;299,5238095;;;3,48;;0,81;;8100;;7,428571429;;19,41560938;;;15,88235294;;;;1584,813725;;;7,242;;;;;5,04;;;;;;35,0;;;;;;382,984;;;0,334190476;;6,3;;0,0;74,47;;744700,0;;3,361344538;;;1,133;;;163,1;;;1,326;;0,55;;;0,0225302;;3,734827264;;;3301,42253;;0,41;;0,278738947;;2,0564634;;51,14285714;;;186,9005;;;18,26220684;;1,730103806;;;76,3;;;191,6;;454,2857142857143
116598;;;5-III-D-SL-10;;5-III-D-SL-10;;S: Sedimento;Sedimento de Lecho;1235277;1804884;1235277;1804884;;;;1-Bogotá;1235277,16;1804883,53;39209;;;;25000;;;;;;LA GUAJIRA;;;;PROYECTO ALTA GUAJIRA ;;;;;;;;;;;ICP-OES;;57,23984;0,05723984;10,35;;103500;;;3,847515;;0,265306122;0,000265306;;49,0;;;707,3;;;1,149;;;8,317647059;;;1,0;;0,74;;7400;;;361,2;0,3612;;45,7;;75,0;;;47,38562092;;;33,1;;2,156;;;16,562;;2,71;;1,466666667;;0,80952381;2,83;;28300;;;11,1;;3,011337868;;;;10,50641693;9,69;0,00969;;0,505142857;;;;0,0304;;;2,97;;29700;;24,66666667;;;16,54236;;0,23;0,91;;9100;;;;291,4285714;;;1,81;;1,59;;15900;;10,66666667;;21,81853133;;;12,94117647;;;;415,3470588;;;11,016;;;;;5,88;;;;;;67,9;;;;;;191,884;;;0,576190476;;5,4;;0,0;74,29;;742900,0;;3,641456583;;;1,032;;;73,5;;;1,683;;0,52;;;0,0323057;;6,629318394;;;4279,892349;;0,68;;0,230680507;;1,0457738;;56,19047619;;;253,8635;;;14,60976547;;1,460976547;;;70,0;;;331,2;;437,40795287187035
116606;;;10-I-B-SL-15-B;;10-I-B-SL-15-B;;S: Sedimento;Sedimento de Lecho;1236033;1792098;1236033;1792098;;;;1-Bogotá;1236032,63;1792098,43;;;;;25000;;;;;;LA GUAJIRA;;;;PROYECTO ALTA GUAJIRA ;;;;;;;;;;;ICP-OES;;50,61308;0,05061308;12,37;;123700;;;5,962215;;0,397959184;0,000397959;;33,0;;;897,7;;;1,365;;;0,145558824;;;2,0;;0,72;;7200;;;163,4;0,1634;;41,2;;79,2;;;33,44867359;;;16,3;;1,862;;;9,114;;2,86;;1,552380952;;0,80952381;2,74;;27400;;;12,7;;2,766439909;;;;10,37319983;12,24;0,01224;;0,553714286;;;;0,04085;;;3,32;;33200;;20,19047619;;;13,94136;;0,29;0,6;;6000;;;;544,6666667;;;1,11;;1,8;;18000;;10,0;;17,10880431;;;6,666666667;;;;274,1117647;;;15,3;;;;;4,725;;;;;;74,5;;;;;;126,322;;;0,403333333;;6,3;;0,0;74,29;;742900,0;;2,987861811;;;1,346;;;135,2;;;1,4076;;0,5;;;0,1274539;;5,508870215;;;2877,931565;;0,49;;0,278738947;;1,1479148;;49,42857143;;;156,8025;;;15,85928489;;1,778162245;;;57,3;;;309,4;;445,63758389261744
116599;;;5-III-D-SL-12A;;5-III-D-SL-12A;;S: Sedimento;Sedimento de Lecho;1226537;1802765;1226537;1802765;;;;1-Bogotá;1226536,68;1802765,22;39209;;;;25000;;;;;;LA GUAJIRA;;;;PROYECTO ALTA GUAJIRA ;;;;;;;;;;;ICP-OES;;33,614;0,033614;9,29;;92900;;;2,18211;;0,62244898;0,000622449;;11,0;;;863,4;;;0,891;;;4,158823529;;;1,0;;0,86;;8600;;;104,2;0,1042;;33,2;;139,7;;;64,49442522;;;38,2;;0,784;;;15,288;;3,21;;1,828571429;;1,466666667;3,18;;31800;;;11,2;;2,984126984;;;;14,25875775;10,71;0,01071;;0,621714286;;;;0,03895;;;3,35;;33500;;18,66666667;;;8,11512;;0,32;0,56;;5600;;;;568,6666667;;;1,24;;2,06;;20600;;27,61904762;;17,01268743;;;11,47058824;;;;262,9666667;;;12,036;;;;;4,41;;;;;;73,9;;;;;;55,664;;;0,172857143;;6,5;;0,0;74,25;;742500,0;;3,267973856;;;1,854;;;156,8;;;2,5704;;0,55;;;0,0320264;;5,508870215;;;7631,391772;;0,5;;0,297962322;;0,8232464;;79,33333333;;;329,4115;;;17,10880431;;1,903114187;;;54,6;;;395,8;;453,31529093369414
116618;;;10-II-A-SL-6A;;10-II-A-SL-6A;;S: Sedimento;Sedimento de Lecho;1238801;1796553;1238801;1796553;;;;1-Bogotá;1238800,86;1796552,91;20-7-2007;;;;25000;;;;;;LA GUAJIRA;;;;PROYECTO ALTA GUAJIRA ;;;;;;;;;;;ICP-OES;;301,18144;0,30118144;9,58;;95800;;;4,36044;;0,428571429;0,000428571;;20,0;;;3394,0;;;1,197;;;6,238235294;;;1,0;;0,18;;1800;;;145,6;0,1456;;28,9;;142,8;;;70,83813918;;;15,9;;1,764;;;17,248;;2,3;;1,380952381;;0,761904762;1,82;;18200;;;9,9;;2,195011338;;;;5,482415134;13,77;0,01377;;0,466285714;;;;0,0418;;;6,1;;61000;;11,61904762;;;8,42724;;0,27;0,3;;3000;;;;1323,619048;;;1,32;;0,62;;6200;;9,238095238;;13,36024606;;;7,450980392;;;;234,4313725;;;39,984;;;;;3,36;;;;;;109,8;;;;;;76,538;;;0,726;;4,7;;0,0;74,19;;741900,0;;2,614379085;;;9,714;;;85,8;;;2,295;;0,4;;;0,0224371;;6,162464986;;;2660,70742;;0,63;;0,249903883;;1,4652538;;44,66666667;;;370,4175;;;13,93694733;;1,528258362;;;31,8;;;179,4;;555,5555555555555
116580;;;2-IV-D-SL-03A;;2-IV-D-SL-03A;;S: Sedimento;Sedimento de Lecho;1259759;1849998;1259759;1849998;;;;1-Bogotá;1259759,42;1849997,89;30-5-2007;;;;25000;;;;;;LA GUAJIRA;;;;PROYECTO ALTA GUAJIRA ;;;;;;;;;;;ICP-OES;;69,91712;0,06991712;9,3;;93000;;;4,257015;;0,520408163;0,000520408;;14,0;;;632,1;;;1,04;;;0,155955882;;;2,0;;2,04;;20400;;;300,4;0,3004;;51,4;;89,2;;;64,01384083;;;560,9;;1,372;;;27,734;;3,89;;2,295238095;;1,00952381;6,66;;66600;;;11,2;;3,873015873;;;;15,2537222;8,67;0,00867;;0,786857143;;;;0,0418;;;1,6;;16000;;26,19047619;;;11,54844;;0,37;2,68;;26800;;;;901,1428571;;;1,3;;1,52;;15200;;14,57142857;;24,31757017;;;67,35294118;;;;540,4411765;;;10,812;;;;;6,51;;;;;;41,2;;;;;;389,158;;;0,49552381;;10,7;;1,0;73,95;;739500,0;;4,481792717;;;2,077;;;191,7;;;2,346;;0,7;;;0,0904001;;6,909430439;;;6135,044214;;0,33;;0,374855825;;1,385087;;160,7619048;;;307,8985;;;21,72241446;;2,335640138;;;85,8;;;458,0;;388,34951456310677
116619;;;10-II-A-SL-6B;;10-II-A-SL-6B;;S: Sedimento;Sedimento de Lecho;1237337;1796025;1237337;1796025;;;;1-Bogotá;1237336,54;1796024,9;20-7-2007;;;;25000;;;;;;LA GUAJIRA;;;;PROYECTO ALTA GUAJIRA ;;;;;;;;;;;ICP-OES;;102,37864;0,10237864;9,1;;91000;;;2,087925;;0,295918367;0,000295918;;29,0;;;1585,4;;;1,07;;;6,238235294;;;1,0;;2,19;;21900;;;76,0;0,076;;30,5;;142,7;;;57,09342561;;;20,4;;1,96;;;10,388;;1,96;;1,180952381;;0,619047619;2,0;;20000;;;8,7;;2,10430839;;;;6,915274583;9,69;0,00969;;0,398285714;;;;0,0266;;;5,51;;55100;;15,33333333;;;9,15552;;0,22;0,44;;4400;;;;272,6666667;;;0,64;;0,92;;9200;;9,80952381;;14,80199923;;;6,568627451;;;;240,3882353;;;9,384;;;;;4,095;;;;;;109,2;;;;;;103,978;;;0,47247619;;3,8;;9,0;73,86;;738600,0;;2,427637722;;;1,05;;;107,0;;;2,0094;;0,37;;;0,0385434;;5,322128852;;;2774,798155;;0,54;;0,201845444;;1,2524024;;42,28571429;;;316,6855;;;11,82237601;;1,345636294;;;20,9;;;232,4;;504,57875457875457
116616;;;10-II-A-SL-5A;;10-II-A-SL-5A;;S: Sedimento;Sedimento de Lecho;1249789;1800023;1249789;1800023;;;;1-Bogotá;1249788,5;1800023,07;18-7-2007;;;;25000;;;;;;LA GUAJIRA;;;;PROYECTO ALTA GUAJIRA ;;;;;;;;;;;ICP-OES;;59,25668;0,05925668;3,08;;30800;;;1,900815;;0,56122449;0,000561224;;41,0;;;505,4;;;0,544;;;6,238235294;;;0,0;;0,34;;3400;;;48,1;0,0481;;23,0;;64,5;;;130,6228374;;;18,3;;0,882;;;8,722;;1,47;;0,847619048;;0,580952381;1,3;;13000;;;4,8;;1,569160998;;;;7,221841885;11,22;0,01122;;0,281714286;;;;0,01995;;;1,61;;16100;;13,42857143;;;11,23632;;0,14;0,15;;1500;;;;131,7142857;;;0,99;;0,67;;6700;;5,619047619;;10,57285659;;;5,0;;;;95,11764706;;;9,078;;;;;2,94;;;;;;44,7;;;;;;49,0;;;0,276571429;;2,7;;9,0;73,73;;737300,0;;1,774042951;;;0,955;;;61,7;;;1,1016;;0,28;;;0,0222509;;3,174603175;;;1906,382161;;0,31;;0,134563629;;0,7672544;;28,0;;;679,9825;;;7,977700884;;0,865051903;;;20,0;;;243,9;;360,1789709172259
116629;;;10-II-A-SL-13 ;;10-II-A-SL-13 ;;S: Sedimento;Sedimento de Lecho;1246570;1792490;1246570;1792490;;;;1-Bogotá;1246569,67;1792490,06;18-7-2007;;;;25000;;;;;;LA GUAJIRA;;;;PROYECTO ALTA GUAJIRA ;;;;;;;;;;;ICP-OES;;148,28576;0,14828576;12,61;;126100;;;3,847515;;0,510204082;0,000510204;;56,0;;;620,3;;;0,97;;;0,17675;;;1,0;;0,96;;9600;;;106,8;0,1068;;37,6;;123,5;;;46,23221838;;;13,4;;1,568;;;12,838;;2,69;;1,428571429;;0,838095238;3,5;;35000;;;11,9;;2,757369615;;;;6,677368584;12,75;0,01275;;0,495428571;;;;0,0399;;;2,87;;28700;;17,80952381;;;15,18984;;0,23;0,98;;9800;;;;599,047619;;;0,84;;2,55;;25500;;8,571428571;;17,30103806;;;6,568627451;;;;340,3098039;;;18,36;;;;;4,62;;;;;;62,8;;;;;;108,486;;;0,760571429;;6,9;;0,0;73,27;;732700,0;;3,174603175;;;1,153;;;152,7;;;1,5912;;0,48;;;0,0987791;;4,481792717;;;3473,087274;;0,42;;0,240292195;;0,830564;;68,76190476;;;235,1785;;;13,93694733;;1,480199923;;;59,4;;;216,8;;457,00636942675163
116549;;;2-IV-D-SU-11;;2-IV-D-SU-11;;S: Sedimento;Suelo;1253458;1844923;1253458;1844923;;;;1-Bogotá;1253457,66;1844922,76;39176;;;;25000;;;;;;LA GUAJIRA;;;;PROYECTO ALTA GUAJIRA ;;;;;;;;;;;ICP-OES;;63,96264;0,06396264;12,23;;122300;;;1,715385;;0,37755102;0,000377551;;12,0;;;708,6;;;1,153;;;0,187147059;;;4,0;;1,98;;19800;;;151,6;0,1516;;53,0;;85,7;;;29,60399846;;;83,5;;1,764;;;16,268;;3,36;;1,914285714;;1,180952381;2,96;;29600;;;13,2;;3,746031746;;;;9,052101115;13,77;0,01377;;0,631428571;;;;0,02945;;;2,1;;21000;;27,42857143;;;13,21308;;0,33;0,89;;8900;;;;345,3333333;;;1,14;;2,02;;20200;;10,28571429;;25,18262207;;;18,52941176;;;;325,8980392;;;9,588;;;;;6,72;;;;;;53,0;;;;;;93,786;;;0,149809524;;6,7;;0,0;72,74;;727400,0;;4,481792717;;;1,051;;;267,5;;;1,2852;;0,64;;;0,0285817;;7,00280112;;;2681,468666;;0,34;;0,317185698;;1,423002;;56,0;;;141,7535;;;18,4544406;;2,028066128;;;46,6;;;222,7;;396,22641509433964
116556;;;2-IV-B-SL-2;;2-IV-B-SL-2;;S: Sedimento;Sedimento de Lecho;1256447;1858533;1256447;1858533;;;;1-Bogotá;1256447,42;1858532,99;28-5-2007;;;;25000;;;;;;LA GUAJIRA;;;;PROYECTO ALTA GUAJIRA ;;;;;;;;;;;ICP-OES;;133,20748;0,13320748;11,8;;118000;;;8,962485;;0,224489796;0,00022449;;53,0;;;364,6;;;1,478;;;0,207941176;;;4,0;;0,66;;6600;;;137,0;0,137;;49,9;;441,2;;;32,58362168;;;82,7;;3,724;;;13,916;;4,09;;2,266666667;;0,866666667;4,24;;42400;;;10,2;;3,882086168;;;;9,712197476;12,75;0,01275;;0,786857143;;;;0,0513;;;1,8;;18000;;25,14285714;;;28,29888;;0,4;0,82;;8200;;;;362,3809524;;;1,16;;1,01;;10100;;10,0952381;;22,49134948;;;24,80392157;;;;610,2901961;;;16,932;;;;;6,09;;;;;;59,8;;;;;;1970,192;;;0,334190476;;8,1;;0,0;72,49;;724900,0;;4,201680672;;;5,469;;;110,9;;;1,326;;0,72;;;0,0499016;;8,1232493;;;3328,623606;;0,47;;0,384467512;;2,270175;;82,95238095;;;120,1395;;;22,77970012;;2,402921953;;;81,7;;;345,7;;301,0033444816054
116630;;;10-II-A-SL-14A;;10-II-A-SL-14A;;S: Sedimento;Sedimento de Lecho;1246614;1792502;1246614;1792502;;;;1-Bogotá;1246613,58;1792501,54;18-7-2007;;;;25000;;;;;;LA GUAJIRA;;;;PROYECTO ALTA GUAJIRA ;;;;;;;;;;;ICP-OES;;250,08816;0,25008816;11,38;;113800;;;6,07236;;1,357142857;0,001357143;;132,0;;;907,5;;;1,021;;;0,623823529;;;2,0;;1,23;;12300;;;312,0;0,312;;44,4;;122,8;;;54,78662053;;;23,6;;2,646;;;41,846;;3,17;;1,771428571;;0,895238095;4,01;;40100;;;11,8;;3,256235828;;;;8,114745597;19,38;0,01938;;0,621714286;;;;0,06745;;;4,32;;43200;;21,80952381;;;14,25348;;0,29;0,97;;9700;;;;589,4285714;;;1,5;;1,62;;16200;;9,238095238;;20,85736255;;;7,941176471;;;;332,0470588;;;20,094;;;;;5,67;;;;;;96,4;;;;;;136,318;;;0,95647619;;7,5;;0,0;71,69;;716900,0;;3,641456583;;;2,223;;;121,7;;;1,8258;;0,58;;;0,0419881;;5,415499533;;;3492,502884;;0,65;;0,30757401;;1,2191984;;69,71428571;;;271,7405;;;17,30103806;;1,855055748;;;82,0;;;264,4;;448,13278008298755
116628;;;10-II-A-SL-12C;;10-II-A-SL-12C;;S: Sedimento;Sedimento de Lecho;1240056;1793950;1240056;1793950;;;;1-Bogotá;1240055,53;1793949,58;20-7-2007;;;;25000;;;;;;LA GUAJIRA;;;;PROYECTO ALTA GUAJIRA ;;;;;;;;;;;ICP-OES;;87,8766;0,0878766;12,76;;127600;;;10,949925;;0,591836735;0,000591837;;45,0;;;995,7;;;1,328;;;0,187147059;;;3,0;;0,44;;4400;;;292,0;0,292;;49,9;;106,1;;;34,60207612;;;30,0;;2,45;;;11,466;;3,04;;1,838095238;;0,695238095;2,83;;28300;;;12,0;;3,011337868;;;;10,27394318;16,83;0,01683;;0,612;;;;0,0399;;;3,96;;39600;;20,47619048;;;15,606;;0,34;0,62;;6200;;;;613,8095238;;;1,66;;1,42;;14200;;8,666666667;;18,64667436;;;10,39215686;;;;326,2823529;;;41,106;;;;;5,25;;;;;;89,8;;;;;;222,068;;;0,749047619;;5,5;;0,0;71,68;;716800,0;;3,361344538;;;1,85;;;101,9;;;1,2546;;0,54;;;0,101479;;4,66853408;;;2240,003845;;0,65;;0,317185698;;1,1231096;;43,52380952;;;148,7225;;;17,78162245;;2,085736255;;;79,9;;;289,4;;440,97995545657017
116568;;;2-IV-B-SL-11B;;2-IV-B-SL-11B;;S: Sedimento;Sedimento de Lecho;1253746;1853089;1253746;1853089;;;;1-Bogotá;1253746,07;1853089,43;28-5-2007;;;;25000;;;;;;LA GUAJIRA;;;;PROYECTO ALTA GUAJIRA ;;;;;;;;;;;ICP-OES;;77,88844;0,07788844;9,07;;90700;;;9,205035;;0,551020408;0,00055102;;68,0;;;1944,8;;;1,199;;;0,228735294;;;4,0;;3,04;;30400;;;290,7;0,2907;;71,5;;702,8;;;54,01768551;;;858,8;;3,234;;;19,012;;5,57;;3,2;;1,285714286;5,87;;58700;;;10,8;;5,741496599;;;;24,88465321;10,71;0,01071;;1,097714286;;;;0,04845;;;1,42;;14200;;33,80952381;;;20,49588;;0,57;1,89;;18900;;;;793,2380952;;;2,22;;1,06;;10600;;17,42857143;;35,46712803;;;61,2745098;;;;686,4803922;;;17,85;;;;;9,24;;;;;;49,2;;;;;;1841,028;;;0,933428571;;12,0;;1,0;71,55;;715500,0;;6,535947712;;;1,984;;;383,0;;;2,1828;;0,99;;;0,0527877;;10,73762838;;;6389,850058;;0,36;;0,52864283;;2,8699568;;117,3333333;;;233,6635;;;31,6224529;;3,450595925;;;89,8;;;856,0;;288,6178861788618
116561;;;2-IV-B-SL-7-B;;2-IV-B-SL-7-B;;S: Sedimento;Sedimento de Lecho;1256295;1856474;1256295;1856474;;;;1-Bogotá;1256295,33;1856473,61;28-5-2007;;;;25000;;;;;;LA GUAJIRA;;;;PROYECTO ALTA GUAJIRA ;;;;;;;;;;;ICP-OES;;102,2826;0,1022826;12,46;;124600;;;7,542465;;0,530612245;0,000530612;;49,0;;;361,5;;;1,642;;;0,207941176;;;5,0;;0,91;;9100;;;155,1;0,1551;;53,0;;547,5;;;36,81276432;;;92,0;;5,684;;;13,23;;3,47;;1,838095238;;0,876190476;4,51;;45100;;;13,4;;3,637188209;;;;4,819948017;11,73;0,01173;;0,631428571;;;;0,0494;;;1,76;;17600;;26,85714286;;;39,43116;;0,3;1,02;;10200;;;;338,1904762;;;1,2;;0,71;;7100;;9,714285714;;23,7408689;;;26,76470588;;;;426,6843137;;;16,83;;;;;6,51;;;;;;79,3;;;;;;1063,202;;;0,403333333;;9,6;;0,0;71,49;;714900,0;;4,201680672;;;1,807;;;112,3;;;1,2954;;0,66;;;0,0491568;;11,01774043;;;2866,397539;;0,55;;0,288350634;;1,943616;;98,0952381;;;174,6795;;;18,83890811;;1,893502499;;;82,5;;;165,8;;221,94199243379572
116550;;;2-IV-D-SL-14B;;2-IV-D-SL-14B;;S: Sedimento;Sedimento de Lecho;1261283;1843253;1261283;1843253;;;;1-Bogotá;1261282,58;1843253,09;30-5-2007;;;;25000;;;;;;LA GUAJIRA;;;;PROYECTO ALTA GUAJIRA ;;;;;;;;;;;ICP-OES;;84,13104;0,08413104;13,25;;132500;;;7,542465;;3,62244898;0,003622449;;48,0;;;591,6;;;1,592;;;0,187147059;;;1,0;;0,7;;7000;;;234,1;0,2341;;54,5;;77,3;;;44,98269896;;;57,8;;3,626;;;32,144;;3,46;;1,847619048;;1,104761905;4,96;;49600;;;14,5;;3,691609977;;;;6,84531715;10,2;0,0102;;0,641142857;;;;0,0513;;;2,31;;23100;;27,9047619;;;24,13728;;0,29;1,01;;10100;;;;478,0952381;;;1,33;;1,3;;13000;;10,85714286;;24,12533641;;;23,82352941;;;;469,1509804;;;16,626;;;;;6,615;;;;;;72,7;;;;;;320,558;;;0,772095238;;11,5;;1,0;70,77;;707700,0;;4,295051354;;;1,919;;;134,4;;;1,5198;;0,67;;;0,088445;;8,496732026;;;3685,601692;;0,51;;0,297962322;;1,466246;;104,0952381;;;189,3245;;;17,97385621;;1,84544406;;;81,8;;;239,5;;317,74415405777165
116627;;;10-II-A-SL-12A;;10-II-A-SL-12A;;S: Sedimento;Sedimento de Lecho;1242745;1794425;1242745;1794425;;;;1-Bogotá;1242745,3;1794424,63;20-7-2007;;;;25000;;;;;;LA GUAJIRA;;;;PROYECTO ALTA GUAJIRA ;;;;;;;;;;;ICP-OES;;209,07908;0,20907908;12,41;;124100;;;6,51714;;0,469387755;0,000469388;;49,0;;;1242,3;;;1,361;;;0,228735294;;;1,0;;0,6;;6000;;;173,4;0,1734;;40,3;;100,9;;;45,65551711;;;14,1;;2,352;;;25,872;;3,18;;1,819047619;;0,904761905;4,58;;45800;;;13,2;;3,111111111;;;;5,216894308;22,44;0,02244;;0,621714286;;;;0,04655;;;4,6;;46000;;18,76190476;;;12,69288;;0,31;0,89;;8900;;;;564,952381;;;1,69;;1,12;;11200;;10,28571429;;19,3194925;;;7,843137255;;;;451,6647059;;;23,256;;;;;5,04;;;;;;101,5;;;;;;594,076;;;1,060190476;;9,5;;0,0;70,62;;706200,0;;3,454715219;;;1,367;;;115,2;;;1,53;;0,57;;;0,4528384;;4,761904762;;;3902,921953;;0,59;;0,30757401;;1,213148;;75,9047619;;;207,4035;;;17,20492118;;1,941560938;;;64,2;;;170,4;;453,20197044334975
116614;;;10-II-A-SL-4C;;10-II-A-SL-4C;;S: Sedimento;Sedimento de Lecho;1247821;1798390;1247821;1798390;;;;1-Bogotá;1247820,53;1798389,76;18-7-2007;;;;25000;;;;;;LA GUAJIRA;;;;PROYECTO ALTA GUAJIRA ;;;;;;;;;;;ICP-OES;;98,34496;0,09834496;12,27;;122700;;;3,74619;;0,306122449;0,000306122;;36,0;;;804,8;;;1,238;;;0,124764706;;;2,0;;1,16;;11600;;;114,4;0,1144;;37,5;;105,3;;;40,36908881;;;19,7;;2,156;;;14,014;;3,13;;1,742857143;;0,857142857;4,52;;45200;;;14,6;;2,866213152;;;;6,049142708;16,32;0,01632;;0,602285714;;;;0,04845;;;4,01;;40100;;18,19047619;;;16,85448;;0,32;1,29;;12900;;;;542,1904762;;;0,82;;1,78;;17800;;10,38095238;;17,30103806;;;8,725490196;;;;320,5176471;;;25,602;;;;;4,62;;;;;;96,7;;;;;;113,974;;;0,47247619;;10,5;;0,0;70,56;;705600,0;;3,267973856;;;1,165;;;132,1;;;1,734;;0,54;;;0,0647976;;5,695611578;;;3627,643214;;0,6;;0,297962322;;1,3800366;;86,19047619;;;172,4575;;;17,10880431;;1,893502499;;;70,1;;;181,9;;414,68459152016544
116623;;;10-II-A-SL-10;;10-II-A-SL-10;;S: Sedimento;Sedimento de Lecho;1252011;1796958;1252011;1796958;;;;1-Bogotá;1252011,04;1796957,54;18-7-2007;;;;25000;;;;;;LA GUAJIRA;;;;PROYECTO ALTA GUAJIRA ;;;;;;;;;;;ICP-OES;;184,30076;0,18430076;11,99;;119900;;;3,245865;;0,795918367;0,000795918;;44,0;;;801,9;;;1,084;;;7,277941176;;;3,0;;0,4;;4000;;;173,6;0,1736;;43,5;;139,7;;;31,43021915;;;33,6;;3,822;;;14,7;;2,47;;1,457142857;;0,704761905;2,85;;28500;;;10,9;;2,639455782;;;;8,920261805;17,85;0,01785;;0,495428571;;;;0,0323;;;5,41;;54100;;24,0952381;;;13,42116;;0,27;0,71;;7100;;;;358,952381;;;0,64;;1,37;;13700;;11,04761905;;18,83890811;;;8,921568627;;;;429,854902;;;23,868;;;;;5,46;;;;;;121,9;;;;;;102,116;;;0,380285714;;6,4;;0,0;70,51;;705100,0;;3,081232493;;;1,126;;;94,0;;;1,5606;;0,44;;;0,0413364;;6,255835668;;;2867,647059;;0,83;;0,249903883;;1,2551298;;56,28571429;;;146,8035;;;13,93694733;;1,62437524;;;57,3;;;306,2;;443,80639868744873
116592;;;5-I-B-SU-09;;5-I-B-SU-09;;S: Sedimento;suelo;1223602;1831835;1223602;1831835;;;;1-Bogotá;1223602,14;1831834,53;39086;;;;25000;;;;;;LA GUAJIRA;;;;PROYECTO ALTA GUAJIRA ;;;;;;;;;;;ICP-OES;;187,18196;0,18718196;13,69;;136900;;;7,082565;;0,959183673;0,000959184;;39,0;;;418,2;;;1,551;;;0,145558824;;;6,0;;0,84;;8400;;;234,1;0,2341;;49,6;;161,3;;;17,20492118;;;77,4;;4,116;;;13,72;;3,45;;1,857142857;;1,038095238;4,1;;41000;;;12,4;;3,863945578;;;;10,25370524;16,83;0,01683;;0,660571429;;;;0,0456;;;1,53;;15300;;26,66666667;;;34,74936;;0,29;0,95;;9500;;;;254,6666667;;;1,34;;0,7;;7000;;10,47619048;;24,79815456;;;25,0;;;;274,2078431;;;13,974;;;;;6,615;;;;;;69,0;;;;;;104,468;;;0,414857143;;8,8;;0,0;70,31;;703100,0;;4,575163399;;;1,858;;;88,0;;;1,0098;;0,67;;;0,0219716;;8,216619981;;;3391,676278;;0,6;;0,288350634;;2,2462616;;99,23809524;;;59,5395;;;18,74279123;;1,787773933;;;66,7;;;357,7;;221,7391304347826
116557;;;2-IV-B-SL-03;;2-IV-B-SL-03;;S: Sedimento;Sedimento de Lecho;1259129;1858724;1259129;1858724;;;;1-Bogotá;1259129,49;1858724,18;28-5-2007;;;;25000;;;;;;LA GUAJIRA;;;;PROYECTO ALTA GUAJIRA ;;;;;;;;;;;ICP-OES;;91,91028;0,09191028;11,87;;118700;;;13,99524;;0,530612245;0,000530612;;52,0;;;337,9;;;1,539;;;0,207941176;;;47,0;;0,5;;5000;;;100,2;0,1002;;57,2;;8607,3;;;19,3194925;;;87,6;;4,116;;;12,642;;3,99;;2,123809524;;0,876190476;5,29;;52900;;;10,6;;4,027210884;;;;10,00018133;10,2;0,0102;;0,738285714;;;;0,04655;;;1,51;;15100;;29,33333333;;;30,27564;;0,36;1,28;;12800;;;;368,7619048;;;1,24;;1,32;;13200;;9,142857143;;24,89427143;;;22,64705882;;;;607,7921569;;;16,422;;;;;6,825;;;;;;62,5;;;;;;2933,728;;;0,426380952;;8,5;;0,0;70,16;;701600,0;;4,481792717;;;2,631;;;105,0;;;0,867;;0,73;;;0,0524153;;8,216619981;;;2978,854287;;0,46;;0,346020761;;1,930798;;87,52380952;;;34,8955;;;20,56901192;;2,258746636;;;91,3;;;360,0;;241,6
116625;;;10-II-A-SL-11B;;10-II-A-SL-11B;;S: Sedimento;Sedimento de Lecho;1237960;1794729;1237960;1794729;;;;1-Bogotá;1237959,81;1794728,71;20-7-2007;;;;25000;;;;;;LA GUAJIRA;;;;PROYECTO ALTA GUAJIRA ;;;;;;;;;;;ICP-OES;;310,01712;0,31001712;13,25;;132500;;;8,482425;;0,418367347;0,000418367;;27,0;;;1054,7;;;1,616;;;0,166352941;;;2,0;;0,4;;4000;;;207,1;0,2071;;41,3;;186,2;;;43,9254133;;;17,2;;1,372;;;25,872;;4,34;;2,4;;1,076190476;6,67;;66700;;;13,4;;3,682539683;;;;8,723035533;15,3;0,0153;;0,845142857;;;;0,0532;;;2,63;;26300;;18,85714286;;;8,94744;;0,4;0,84;;8400;;;;1220,380952;;;1,98;;0,94;;9400;;10,85714286;;19,41560938;;;8,235294118;;;;531,4098039;;;30,804;;;;;5,04;;;;;;51,6;;;;;;1642,284;;;0,645333333;;12,4;;1,0;69,67;;696700,0;;3,921568627;;;1,462;;;147,4;;;1,0506;;0,72;;;0,9702882;;5,135387488;;;5279,603998;;0,53;;0,413302576;;1,0672734;;133,047619;;;85,4965;;;23,93310265;;2,604767397;;;99,1;;;286,0;;509,68992248062017
116576;;;2-IV-D-SL-1;;2-IV-D-SL-1;;S: Sedimento;Sedimento de Lecho;1253553;1850544;1253553;1850544;;;;1-Bogotá;1253553,28;1850544,26;29-5-2007;;;;25000;;;;;;LA GUAJIRA;;;;PROYECTO ALTA GUAJIRA ;;;;;;;;;;;ICP-OES;;85,76372;0,08576372;7,98;;79800;;;8,962485;;0,795918367;0,000795918;;69,0;;;658,4;;;1,176;;;0,124764706;;;3,0;;3,77;;37700;;;203,5;0,2035;;28,9;;177,1;;;44,40599769;;;677,2;;1,862;;;22,344;;3,03;;1,742857143;;0,79047619;5,55;;55500;;;8,9;;2,866213152;;;;2,619693092;9,18;0,00918;;0,612;;;;0,03135;;;1,71;;17100;;15,61904762;;;13,73328;;0,27;4,9;;49000;;;;562,5714286;;;1,91;;1,12;;11200;;4,952380952;;15,85928489;;;140,7843137;;;;1147,464706;;;12,648;;;;;3,99;;;;;;49,7;;;;;;804,58;;;0,864285714;;9,2;;1,0;69,55;;695500,0;;3,174603175;;;1,167;;;200,9;;;0,9486;;0,53;;;0,063308;;5,042016807;;;2219,146482;;0,28;;0,269127259;;2,008677;;89,23809524;;;160,8425;;;18,83890811;;1,643598616;;;64,0;;;82,4;;344,0643863179074
116544;;;2-IV-D-SU-06;;2-IV-D-SU-06;;S: Sedimento;Suelo;1252431;1847300;1252431;1847300;;;;1-Bogotá;1252431,47;1847300,24;39176;;;;25000;;;;;;LA GUAJIRA;;;;PROYECTO ALTA GUAJIRA ;;;;;;;;;;;ICP-OES;;67,51612;0,06751612;15,49;;154900;;;2,659335;;0,897959184;0,000897959;;22,0;;;638,5;;;1,624;;;0,187147059;;;6,0;;1,94;;19400;;;109,7;0,1097;;51,7;;92,5;;;18,83890811;;;154,5;;2,058;;;18,326;;3,46;;1,857142857;;1,095238095;3,62;;36200;;;15,4;;3,79138322;;;;10,1600384;17,34;0,01734;;0,641142857;;;;0,03325;;;1,95;;19500;;26,66666667;;;16,1262;;0,32;1,28;;12800;;;;402,4761905;;;1,08;;2,23;;22300;;10,57142857;;24,89427143;;;46,76470588;;;;352,7039216;;;10,812;;;;;6,72;;;;;;54,9;;;;;;126,812;;;0,23047619;;8,3;;0,0;68,51;;685100,0;;4,481792717;;;1,328;;;286,0;;;1,122;;0,66;;;0,067032;;9,617180205;;;3070,742022;;0,39;;0,30757401;;1,473888;;68,85714286;;;64,1855;;;18,4544406;;1,970396002;;;54,4;;;311,3;;355,1912568306011
116615;;;10-II-A-SL-4D;;10-II-A-SL-4D;;S: Sedimento;Sedimento de Lecho;1248789;1798413;1248789;1798413;;;;1-Bogotá;1248789,0;1798413,15;18-7-2007;;;;25000;;;;;;LA GUAJIRA;;;;PROYECTO ALTA GUAJIRA ;;;;;;;;;;;ICP-OES;;58,5844;0,0585844;11,89;;118900;;;4,98981;;0,285714286;0,000285714;;50,0;;;630,8;;;0,955;;;0,103970588;;;2,0;;2,25;;22500;;;112,4;0,1124;;42,0;;89,3;;;42,96424452;;;23,4;;1,568;;;15,092;;3,93;;2,028571429;;1,371428571;7,75;;77500;;;13,9;;3,727891156;;;;7,42121843;13,77;0,01377;;0,738285714;;;;0,05985;;;2,9;;29000;;21,23809524;;;17,37468;;0,32;1,9;;19000;;;;716,6666667;;;0,78;;1,74;;17400;;9,428571429;;20,95347943;;;8,725490196;;;;477,2215686;;;15,912;;;;;5,355;;;;;;68,4;;;;;;105,154;;;0,679904762;;13,6;;0,0;68,21;;682100,0;;3,921568627;;;1,327;;;195,9;;;1,377;;0,7;;;0,0391951;;4,761904762;;;6191,368704;;0,42;;0,336409073;;1,0893952;;146,4761905;;;183,0625;;;19,70396002;;1,970396002;;;79,3;;;227,4;;423,97660818713445
116591;;;5-III-A-SU-20;;5-III-A-SU-20;;S: Sedimento;Suelo;1220673;1811792;1220673;1811792;;;;1-Bogotá;1220673,12;1811791,89;39267;;;;25000;;;;;;LA GUAJIRA;;;;PROYECTO ALTA GUAJIRA ;;;;;;;;;;;ICP-OES;;51,3814;0,0513814;10,62;;106200;;;2,467185;;0,367346939;0,000367347;;15,0;;;487,9;;;1,236;;;7,277941176;;;5,0;;5,44;;54400;;;214,5;0,2145;;52,0;;107,7;;;11,05344098;;;61,3;;1,764;;;21,854;;4,47;;2,371428571;;1,161904762;4,35;;43500;;;13,5;;4,281179138;;;;9,80377447;17,85;0,01785;;0,845142857;;;;0,04655;;;1,8;;18000;;26,0952381;;;13,94136;;0,41;1,75;;17500;;;;558,7619048;;;0,81;;1,47;;14700;;14,0952381;;26,14379085;;;23,03921569;;;;549,8568627;;;12,546;;;;;6,825;;;;;;48,6;;;;;;127,694;;;0,172857143;;10,4;;0,0;67,56;;675600,0;;4,948646125;;;2,111;;;168,2;;;0,8262;;0,79;;;0,0259749;;7,936507937;;;4775,85544;;0,37;;0,384467512;;1,0277324;;76,0;;;3,1815;;;23,16416763;;2,489427143;;;74,5;;;291,7;;370,3703703703704
116567;;;2-IV-B-SL-11A;;2-IV-B-SL-11A;;S: Sedimento;Sedimento de Lecho;1253674;1853787;1253674;1853787;;;;1-Bogotá;1253674,23;1853787,18;28-5-2007;;;;25000;;;;;;LA GUAJIRA;;;;PROYECTO ALTA GUAJIRA ;;;;;;;;;;;ICP-OES;;158,75412;0,15875412;15,81;;158100;;;7,542465;;0,489795918;0,000489796;;74,0;;;374,4;;;1,949;;;0,239132353;;;6,0;;1,37;;13700;;;244,9;0,2449;;67,7;;1671,9;;;33,73702422;;;148,7;;7,252;;;17,738;;4,68;;2,561904762;;1,266666667;5,41;;54100;;;16,8;;4,888888889;;;;6,41431936;12,75;0,01275;;0,893714286;;;;0,05605;;;1,85;;18500;;34,95238095;;;49,73112;;0,42;1,59;;15900;;;;386,0952381;;;2,29;;0,78;;7800;;12,66666667;;31,23798539;;;52,84313725;;;;586,3666667;;;18,156;;;;;8,4;;;;;;82,4;;;;;;518,714;;;0,49552381;;12,7;;1,0;65,55;;655500,0;;5,602240896;;;2,027;;;122,2;;;1,3464;;0,86;;;0,0622839;;14,37908497;;;3912,533641;;0,67;;0,422914264;;3,1989748;;129,1428571;;;99,1315;;;25,27873895;;2,672049212;;;116,9;;;226,8;;224,5145631067961
116563;;;2-IV-B-SL-08;;2-IV-B-SL-08;;S: Sedimento;Sedimento de Lecho;1260160;1858526;1260160;1858526;;;;1-Bogotá;1260159,58;1858525,54;28-5-2007;;;;25000;;;;;;LA GUAJIRA;;;;PROYECTO ALTA GUAJIRA ;;;;;;;;;;;ICP-OES;;125,42824;0,12542824;15,85;;158500;;;11,463585;;0,510204082;0,000510204;;75,0;;;386,8;;;2,202;;;0,291117647;;;6,0;;0,99;;9900;;;230,7;0,2307;;73,5;;611,9;;;26,23990773;;;100,9;;7,252;;;16,268;;5,02;;2,704761905;;1,342857143;6,23;;62300;;;17,6;;5,287981859;;;;6,97046217;13,77;0,01377;;0,942285714;;;;0,06175;;;2,01;;20100;;38,0;;;52,22808;;0,44;1,34;;13400;;;;359,6190476;;;2,19;;0,67;;6700;;13,9047619;;33,64090734;;;34,41176471;;;;668,0333333;;;21,624;;;;;9,03;;;;;;96,7;;;;;;1484,504;;;0,49552381;;12,9;;1,0;65,01;;650100,0;;6,162464986;;;4,638;;;158,9;;;1,275;;0,95;;;0,0403123;;12,6984127;;;4026,912726;;0,7;;0,432525952;;3,1294712;;129,8095238;;;48,2275;;;26,23990773;;2,76816609;;;129,8;;;242,3;;207,8593588417787
116570;;;2-IV-B-SL-12B;;2-IV-B-SL-12B;;S: Sedimento;Sedimento de Lecho;1256485;1852368;1256485;1852368;;;;1-Bogotá;1256485,32;1852368,39;28-5-2007;;;;25000;;;;;;LA GUAJIRA;;;;PROYECTO ALTA GUAJIRA ;;;;;;;;;;;ICP-OES;;103,14696;0,10314696;10,53;;105300;;;11,85324;;1,857142857;0,001857143;;26,0;;;492,6;;;0,968;;;0,124764706;;;3,0;;2,11;;21100;;;370,3;0,3703;;37,6;;37,4;;;37,96616686;;;844,9;;2,352;;;41,258;;4,58;;2,59047619;;1,00952381;6,34;;63400;;;11,9;;3,782312925;;;;4,373174364;9,69;0,00969;;0,932571429;;;;0,0494;;;1,37;;13700;;18,66666667;;;16,85448;;0,42;8,5;;85000;;;;889,1428571;;;1,08;;1,72;;17200;;10,95238095;;19,12725875;;;310,1960784;;;;376,4352941;;;11,628;;;;;4,935;;;;;;41,4;;;;;;314,776;;;1,060190476;;16,4;;1,0;64,22;;642200,0;;3,828197946;;;1,729;;;124,6;;;1,0098;;0,73;;;0,0724318;;8,309990663;;;4696,559016;;0,32;;0,442137639;;1,2226736;;135,5238095;;;35,9055;;;24,99038831;;2,739331027;;;78,4;;;135,8;;330,9178743961353
116593;;;5-II-B-SL-08A;;5-II-B-SL-08A;;S: Sedimento;Sedimento de Lecho;1258763;1836553;1258763;1836553;;;;1-Bogotá;1258763,47;1836552,62;16-5-2007;;;;25000;;;;;;LA GUAJIRA;;;;PROYECTO ALTA GUAJIRA ;;;;;;;;;;;ICP-OES;;130,71044;0,13071044;14,37;;143700;;;14,54754;;3,989795918;0,003989796;;55,0;;;747,0;;;1,723;;;0,280720588;;;2,0;;1,04;;10400;;;640,5;0,6405;;65,3;;54,7;;;41,71472511;;;365,7;;4,704;;;54,194;;5,17;;2,857142857;;1,20952381;6,48;;64800;;;17,6;;4,825396825;;;;6,9093234;12,24;0,01224;;1,02;;;;0,0665;;;2,34;;23400;;29,33333333;;;30,89988;;0,44;3,76;;37600;;;;1099,809524;;;1,86;;1,36;;13600;;13,80952381;;28,64282968;;;164,2156863;;;;581,5627451;;;25,398;;;;;7,56;;;;;;82,5;;;;;;165,914;;;0,97952381;;17,5;;1,0;63,92;;639200,0;;5,508870215;;;2,131;;;125,4;;;1,3362;;0,91;;;0,1071581;;11,29785247;;;4537,389466;;0,69;;0,480584391;;2,0994304;;149,047619;;;69,0335;;;27,97001153;;2,950788158;;;131,0;;;223,2;;283,6363636363636
116589;;;5-III-A-SU-13;;5-III-A-SU-13;;S: Sedimento;Suelo;1214742;1810450;1214742;1810450;;;;1-Bogotá;1214741,69;1810450,06;39329;;;;25000;;;;;;LA GUAJIRA;;;;PROYECTO ALTA GUAJIRA ;;;;;;;;;;;ICP-OES;;94,88752;0,09488752;14,27;;142700;;;3,34509;;0,479591837;0,000479592;;26,0;;;922,2;;;2,015;;;8,317647059;;;4,0;;1,91;;19100;;;124,4;0,1244;;127,5;;102,8;;;18,16608997;;;86,2;;2,352;;;24,696;;8,63;;4,6;;2,742857143;5,69;;56900;;;18,7;;10,00453515;;;;22,40929753;28,05;0,02805;;1,593142857;;;;0,0665;;;2,04;;20400;;60,95238095;;;22,78476;;0,7;2,63;;26300;;;;519,1428571;;;0,75;;1,47;;14700;;15,52380952;;68,33910035;;;30,0;;;;759,6921569;;;11,832;;;;;17,535;;;;;;62,3;;;;;;117,992;;;0,25352381;;16,2;;0,0;62,43;;624300,0;;12,23155929;;;2,326;;;432,0;;;0,9894;;1,71;;;0,0222509;;9,803921569;;;5144,944252;;0,5;;0,711264898;;1,326916;;111,9047619;;;26,0075;;;45,07881584;;4,421376394;;;100,5;;;680,0;;327,4478330658106
116579;;;2-IV-D-SL-2;;2-IV-D-SL-2;;S: Sedimento;Sedimento de Lecho;1255296;1850123;1255296;1850123;;;;1-Bogotá;1255296,36;1850123,33;29-5-2007;;;;25000;;;;;;LA GUAJIRA;;;;PROYECTO ALTA GUAJIRA ;;;;;;;;;;;ICP-OES;;94,31128;0,09431128;11,0;;110000;;;7,19691;;0,887755102;0,000887755;;24,0;;;590,8;;;1,057;;;0,145558824;;;2,0;;2,83;;28300;;;348,0;0,348;;39,8;;53,5;;;57,95847751;;;666,5;;2,744;;;46,06;;4,49;;2,647619048;;1,047619048;6,09;;60900;;;12,8;;3,79138322;;;;4,35803893;10,2;0,0102;;0,903428571;;;;0,0513;;;1,62;;16200;;19,23809524;;;22,68072;;0,39;6,92;;69200;;;;819,7142857;;;1,33;;1,34;;13400;;11,04761905;;20,18454441;;;257,254902;;;;420,1509804;;;11,934;;;;;5,145;;;;;;44,8;;;;;;312,816;;;1,071714286;;16,1;;1,0;62,19;;621900,0;;4,108309991;;;1,618;;;127,2;;;1,581;;0,76;;;0,0583737;;7,189542484;;;4611,014994;;0,41;;0,422914264;;1,300042;;131,8095238;;;162,2565;;;24,79815456;;2,575932334;;;82,8;;;138,8;;361,6071428571429
116595;;;5-III-D-SL-05;;5-III-D-SL-05;;S: Sedimento;Sedimento de Lecho;1235208;1807460;1235208;1807460;;;;1-Bogotá;1235208,35;1807460,43;39209;;;;25000;;;;;;LA GUAJIRA;;;;PROYECTO ALTA GUAJIRA ;;;;;;;;;;;ICP-OES;;36,87936;0,03687936;11,45;;114500;;;2,853165;;0,387755102;0,000387755;;7,0;;;846,7;;;1,303;;;4,158823529;;;2,0;;2,2;;22000;;;110,2;0,1102;;72,1;;215,1;;;59,11188005;;;117,3;;0,784;;;36,554;;7,83;;4,580952381;;1,895238095;8,63;;86300;;;16,8;;6,757369615;;;;18,48303458;12,24;0,01224;;1,554285714;;;;0,09215;;;2,85;;28500;;28,47619048;;;14,66964;;0,78;2,44;;24400;;;;1038,761905;;;1,57;;2,45;;24500;;30,38095238;;35,37101115;;;40,09803922;;;;575,7019608;;;9,588;;;;;8,61;;;;;;61,1;;;;;;58,212;;;0,184380952;;18,2;;0,0;61,95;;619500,0;;7,189542484;;;4,646;;;177,1;;;2,193;;1,32;;;0,0259749;;6,909430439;;;12695,98231;;0,46;;0,788158401;;0,845076;;204,6666667;;;181,7495;;;40,65743945;;4,969242599;;;108,6;;;454,8;;466,4484451718494
116597;;;5-III-D-SL-8;;5-III-D-SL-8;;S: Sedimento;Sedimento de Lecho;1228420;1805890;1228420;1805890;;;;1-Bogotá;1228420,13;1805890,29;39209;;;;25000;;;;;;LA GUAJIRA;;;;PROYECTO ALTA GUAJIRA ;;;;;;;;;;;ICP-OES;;40,817;0,040817;7,01;;70100;;;1,6233;;0,244897959;0,000244898;;7,0;;;703,7;;;0,932;;;5,198529412;;;1,0;;1,09;;10900;;;70,1;0,0701;;125,1;;176,7;;;61,514802;;;71,0;;0,49;;;43,218;;6,98;;3,619047619;;1,40952381;11,17;;111700;;;12,3;;8,544217687;;;;51,71728225;10,2;0,0102;;1,272571429;;;;0,09785;;;2,54;;25400;;62,0952381;;;5,93028;;0,58;0,66;;6600;;;;2011,809524;;;2,77;;1,88;;18800;;70,0;;60,16916571;;;14,90196078;;;;304,3764706;;;12,954;;;;;15,96;;;;;;53,0;;;;;;20,0;;;0,149809524;;14,0;;0,0;60,9;;609000,0;;10,27077498;;;10,488;;;141,5;;;3,9678;;1,38;;;0,0420812;;19,88795518;;;29775,08651;;0,38;;0,567089581;;1,970816;;281,8095238;;;259,8225;;;33,73702422;;3,440984237;;;132,0;;;1343,9;;479,24528301886795
116590;;;5-III-A-SU-19;;5-III-A-SU-19;;S: Sedimento;Suelo;1217854;1811039;1217854;1811039;;;;1-Bogotá;1217853,83;1811039,0;39267;;;;25000;;;;;;LA GUAJIRA;;;;PROYECTO ALTA GUAJIRA ;;;;;;;;;;;ICP-OES;;40,14472;0,04014472;14,39;;143900;;;1,80789;;1,693877551;0,001693878;;12,0;;;622,9;;;1,546;;;0,103970588;;;5,0;;2,95;;29500;;;155,4;0,1554;;62,6;;45,5;;;22,10688197;;;92,3;;1,568;;;29,4;;4,87;;2,60952381;;1,495238095;5,49;;54900;;;17,9;;5,151927438;;;;9,974630556;13,77;0,01377;;0,922857143;;;;0,057;;;1,29;;12900;;30,66666667;;;13,10904;;0,43;2,95;;29500;;;;686,7619048;;;0,44;;2,06;;20600;;10,76190476;;32,19915417;;;35,68627451;;;;328,6843137;;;12,75;;;;;8,19;;;;;;44,6;;;;;;107,604;;;0,115238095;;16,1;;0,0;59,4;;594000,0;;6,069094304;;;1,734;;;294,5;;;0,8058;;0,91;;;0,0128478;;7,843137255;;;4884,85198;;0,32;;0,422914264;;1,1551258;;101,1428571;;;41,9655;;;25,18262207;;2,6816609;;;83,3;;;262,5;;289,23766816143495
116594;;;5-II-C-SU-12;;5-II-C-SU-12;;S: Sedimento;Suelo;1243043;1823762;1243043;1823762;;;;1-Bogotá;1243042,69;1823762,38;39237;;;;25000;;;;;;LA GUAJIRA;;;;PROYECTO ALTA GUAJIRA ;;;;;;;;;;;ICP-OES;;22,66544;0,02266544;21,04;;210400;;;2,853165;;0,479591837;0,000479592;;9,0;;;2668,2;;;3,707;;;3,119117647;;;10,0;;0,82;;8200;;;35,2;0,0352;;90,6;;421,8;;;18,4544406;;;20,0;;0,98;;;8,428;;2,5;;1,361904762;;2,104761905;3,38;;33800;;;27,2;;3,637188209;;;;12,28706082;11,73;0,01173;;0,466285714;;;;0,03135;;;4,44;;44400;;20,38095238;;;13,62924;;0,21;1,44;;14400;;;;170,8571429;;;0,5;;2,61;;26100;;8,952380952;;24,50980392;;;10,29411765;;;;240,0039216;;;16,422;;;;;6,3;;;;;;143,5;;;;;;96,824;;;0,195904762;;4,5;;0,0;59,23;;592300,0;;4,014939309;;;1,075;;;312,9;;;0,5916;;0,53;;;0,0328643;;4,575163399;;;3772,395233;;0,97;;0,211457132;;0,576533;;52,28571429;;;26,8155;;;12,59131103;;1,287966167;;;52,0;;;351,3;;309,4076655052265
116545;;;2-IV-D-SU-07;;2-IV-D-SU-07;;S: Sedimento;Suelo;1255023;1848831;1255023;1848831;;;;1-Bogotá;1255022,51;1848831,24;39176;;;;25000;;;;;;LA GUAJIRA;;;;PROYECTO ALTA GUAJIRA ;;;;;;;;;;;ICP-OES;;215,1296;0,2151296;12,17;;121700;;;4,257015;;3,132653061;0,003132653;;24,0;;;655,3;;;1,227;;;0,166352941;;;7,0;;3,15;;31500;;;490,4;0,4904;;43,1;;327,2;;;51,03806228;;;660,4;;2,254;;;51,156;;4,05;;2,257142857;;1,066666667;6,83;;68300;;;14,0;;3,909297052;;;;8,601429555;16,32;0,01632;;0,786857143;;;;0,0475;;;1,63;;16300;;20,95238095;;;20,49588;;0,37;8,51;;85100;;;;1081,904762;;;1,07;;1,11;;11100;;8,857142857;;22,77970012;;;413,2352941;;;;657,6568627;;;13,158;;;;;5,775;;;;;;47,9;;;;;;304,78;;;0,530095238;;18,1;;0,0;54,98;;549800,0;;4,388422035;;;1,3;;;197,3;;;0,7752;;0,72;;;0,0838831;;8,1232493;;;3944,348328;;0,41;;0,374855825;;1,2752258;;122,7619048;;;36,1075;;;21,91464821;;2,326028451;;;102,3;;;266,2;;340,29227557411275
116578;;;2-IV-C-SU-2;;2-IV-C-SU-2;;S: Sedimento;Suelo;1243536;1850207;1243536;1850207;;;;1-Bogotá;1243535,52;1850206,5;39176;;;;25000;;;;;;LA GUAJIRA;;;;PROYECTO ALTA GUAJIRA ;;;;;;;;;;;ICP-OES;;307,71216;0,30771216;9,47;;94700;;;10,06719;;1,56122449;0,001561224;;150,0;;;359,7;;;2,305;;;9,357352941;;;6,0;;1,61;;16100;;;659,8;0,6598;;50,0;;240,1;;;30,56516724;;;398,8;;9,212;;;27,44;;5,66;;3,247619048;;1,361904762;12,32;;123200;;;14,7;;5,424036281;;;;6,031608827;26,52;0,02652;;1,126857143;;;;0,0551;;;3,45;;34500;;28,47619048;;;32,56452;;0,49;6,08;;60800;;;;443,9047619;;;2,18;;0,65;;6500;;6,952380952;;28,73894656;;;185,3921569;;;;1690,403922;;;7,65;;;;;7,035;;;;;;134,3;;;;;;543,41;;;1,498095238;;14,7;;1,0;52,87;;528700,0;;5,602240896;;;6,963;;;154,4;;;0,7038;;0,99;;;0,0663803;;7,469654528;;;2686,947328;;1,49;;0,519031142;;3,3040188;;132,5714286;;;37,9255;;;40,36908881;;3,008458285;;;143,0;;;208,6;;256,88756515264333
